start,end,date,duration,weekday,is_weekend,day_of_year,alert_duration_category,season
05:51,08:26,2022-02-28,155,1,0,59,3,2
08:31,08:43,2022-02-28,12,1,0,59,1,2
10:51,11:10,2022-02-28,18,1,0,59,1,2
12:29,12:57,2022-02-28,28,1,0,59,1,2
13:11,13:37,2022-02-28,25,1,0,59,1,2
19:06,19:32,2022-02-28,26,1,0,59,1,2
20:50,21:45,2022-02-28,55,1,0,59,2,2
23:09,23:48,2022-02-28,38,1,0,59,2,2
02:28,02:41,2022-03-01,12,2,0,60,1,3
08:53,09:23,2022-03-01,30,2,0,60,2,3
09:29,09:53,2022-03-01,24,2,0,60,1,3
10:58,11:20,2022-03-01,22,2,0,60,1,3
12:37,13:00,2022-03-01,22,2,0,60,1,3
15:42,15:45,2022-03-01,2,2,0,60,1,3
16:21,16:33,2022-03-01,12,2,0,60,1,3
17:08,18:25,2022-03-01,76,2,0,60,2,3
22:04,23:49,2022-03-01,104,2,0,60,3,3
07:33,08:28,2022-03-02,55,3,0,61,2,3
10:18,10:53,2022-03-02,35,3,0,61,2,3
12:35,12:56,2022-03-02,20,3,0,61,1,3
12:57,14:34,2022-03-02,97,3,0,61,3,3
16:15,16:28,2022-03-02,13,3,0,61,1,3
20:57,21:24,2022-03-02,26,3,0,61,1,3
22:17,23:15,2022-03-02,57,3,0,61,2,3
01:47,02:37,2022-03-03,50,4,0,62,2,3
04:27,07:16,2022-03-03,169,4,0,62,3,3
08:41,11:10,2022-03-03,148,4,0,62,3,3
17:59,18:19,2022-03-03,19,4,0,62,1,3
21:52,23:52,2022-03-03,119,4,0,62,3,3
02:32,03:00,2022-03-04,28,5,0,63,1,3
09:51,10:09,2022-03-04,18,5,0,63,1,3
10:30,12:10,2022-03-04,99,5,0,63,3,3
15:16,17:00,2022-03-04,103,5,0,63,3,3
18:03,19:36,2022-03-04,92,5,0,63,3,3
20:57,21:30,2022-03-04,32,5,0,63,2,3
06:55,08:43,2022-03-05,107,6,1,64,3,3
09:18,11:09,2022-03-05,111,6,1,64,3,3
11:13,11:55,2022-03-05,42,6,1,64,2,3
17:46,17:46,2022-03-05,0,6,1,64,1,3
17:51,18:00,2022-03-05,9,6,1,64,1,3
23:38,00:21,2022-03-05,42,6,1,64,2,3
01:56,03:19,2022-03-06,83,7,1,65,2,3
10:25,10:51,2022-03-06,26,7,1,65,1,3
10:57,11:48,2022-03-06,51,7,1,65,2,3
12:12,13:54,2022-03-06,102,7,1,65,3,3
20:00,21:56,2022-03-06,116,7,1,65,3,3
23:50,01:21,2022-03-06,91,7,1,65,3,3
07:33,08:11,2022-03-07,38,1,0,66,2,3
14:50,18:23,2022-03-07,212,1,0,66,3,3
19:50,21:13,2022-03-07,83,1,0,66,2,3
11:38,12:12,2022-03-08,33,2,0,67,2,3
15:37,16:25,2022-03-08,48,2,0,67,2,3
22:54,23:20,2022-03-08,26,2,0,67,1,3
00:07,00:39,2022-03-09,31,3,0,68,2,3
06:01,06:21,2022-03-09,20,3,0,68,1,3
08:46,09:23,2022-03-09,36,3,0,68,2,3
10:32,11:06,2022-03-09,33,3,0,68,2,3
12:42,13:36,2022-03-09,54,3,0,68,2,3
13:43,14:13,2022-03-09,30,3,0,68,2,3
15:47,16:39,2022-03-09,51,3,0,68,2,3
18:48,20:07,2022-03-09,78,3,0,68,2,3
20:41,21:08,2022-03-09,26,3,0,68,1,3
23:52,01:28,2022-03-09,95,3,0,68,3,3
04:23,07:45,2022-03-10,202,4,0,69,3,3
08:40,09:31,2022-03-10,51,4,0,69,2,3
12:51,13:52,2022-03-10,61,4,0,69,2,3
14:02,15:09,2022-03-10,66,4,0,69,2,3
23:06,00:26,2022-03-10,79,4,0,69,2,3
02:28,02:53,2022-03-11,25,5,0,70,1,3
03:48,07:57,2022-03-11,248,5,0,70,3,3
09:00,10:05,2022-03-11,65,5,0,70,2,3
10:58,12:29,2022-03-11,90,5,0,70,2,3
13:21,14:56,2022-03-11,94,5,0,70,3,3
16:02,16:31,2022-03-11,28,5,0,70,1,3
18:58,20:17,2022-03-11,78,5,0,70,2,3
21:15,21:36,2022-03-11,21,5,0,70,1,3
23:07,00:11,2022-03-11,63,5,0,70,2,3
02:45,04:23,2022-03-12,98,6,1,71,3,3
05:21,08:07,2022-03-12,165,6,1,71,3,3
14:23,14:47,2022-03-12,23,6,1,71,1,3
15:52,16:42,2022-03-12,50,6,1,71,2,3
03:30,06:32,2022-03-13,181,7,1,72,3,3
10:59,12:23,2022-03-13,84,7,1,72,2,3
14:29,15:50,2022-03-13,81,7,1,72,2,3
17:03,17:34,2022-03-13,30,7,1,72,2,3
18:19,21:15,2022-03-13,176,7,1,72,3,3
04:09,07:38,2022-03-14,209,1,0,73,3,3
11:26,13:02,2022-03-14,95,1,0,73,3,3
16:33,16:57,2022-03-14,24,1,0,73,1,3
17:11,17:43,2022-03-14,32,1,0,73,2,3
19:23,20:42,2022-03-14,78,1,0,73,2,3
21:32,22:04,2022-03-14,32,1,0,73,2,3
23:29,00:33,2022-03-14,63,1,0,73,2,3
03:45,06:06,2022-03-15,140,2,0,74,3,3
07:18,08:14,2022-03-15,56,2,0,74,2,3
09:10,09:31,2022-03-15,21,2,0,74,1,3
11:40,12:22,2022-03-15,41,2,0,74,2,3
12:32,13:03,2022-03-15,31,2,0,74,2,3
18:19,20:52,2022-03-15,153,2,0,74,3,3
02:47,05:41,2022-03-16,173,3,0,75,3,3
06:12,06:54,2022-03-16,41,3,0,75,2,3
07:31,08:26,2022-03-16,54,3,0,75,2,3
09:09,12:44,2022-03-16,214,3,0,75,3,3
13:33,15:10,2022-03-16,97,3,0,75,3,3
17:47,19:24,2022-03-16,97,3,0,75,3,3
22:31,23:00,2022-03-16,28,3,0,75,1,3
23:43,00:20,2022-03-16,37,3,0,75,2,3
03:21,05:09,2022-03-17,108,4,0,76,3,3
10:19,10:49,2022-03-17,30,4,0,76,2,3
11:05,12:19,2022-03-17,74,4,0,76,2,3
12:45,13:46,2022-03-17,60,4,0,76,2,3
14:14,15:18,2022-03-17,64,4,0,76,2,3
16:17,16:34,2022-03-17,16,4,0,76,1,3
23:19,23:49,2022-03-17,30,4,0,76,2,3
03:28,04:11,2022-03-18,43,5,0,77,2,3
05:18,06:37,2022-03-18,79,5,0,77,2,3
07:48,08:56,2022-03-18,68,5,0,77,2,3
10:46,11:50,2022-03-18,63,5,0,77,2,3
17:00,17:42,2022-03-18,41,5,0,77,2,3
17:48,18:27,2022-03-18,39,5,0,77,2,3
19:02,19:47,2022-03-18,44,5,0,77,2,3
21:12,22:02,2022-03-18,49,5,0,77,2,3
04:29,06:06,2022-03-19,97,6,1,78,3,3
06:45,07:19,2022-03-19,33,6,1,78,2,3
10:03,10:42,2022-03-19,39,6,1,78,2,3
11:45,13:35,2022-03-19,109,6,1,78,3,3
23:00,23:28,2022-03-19,27,6,1,78,1,3
23:30,00:09,2022-03-19,38,6,1,78,2,3
01:04,01:26,2022-03-20,21,7,1,79,1,3
05:22,06:31,2022-03-20,68,7,1,79,2,3
11:31,12:54,2022-03-20,83,7,1,79,2,3
16:32,16:59,2022-03-20,26,7,1,79,1,3
22:46,00:05,2022-03-20,79,7,1,79,2,3
01:32,02:17,2022-03-21,44,1,0,80,2,3
04:55,06:06,2022-03-21,70,1,0,80,2,3
06:49,07:44,2022-03-21,55,1,0,80,2,3
10:41,11:42,2022-03-21,61,1,0,80,2,3
12:44,14:18,2022-03-21,94,1,0,80,3,3
16:13,18:56,2022-03-21,162,1,0,80,3,3
19:47,21:03,2022-03-21,75,1,0,80,2,3
23:30,00:17,2022-03-21,47,1,0,80,2,3
04:33,05:16,2022-03-22,42,2,0,81,2,3
06:51,08:16,2022-03-22,85,2,0,81,2,3
08:33,09:07,2022-03-22,34,2,0,81,2,3
10:46,11:56,2022-03-22,70,2,0,81,2,3
12:44,14:30,2022-03-22,105,2,0,81,3,3
15:15,16:29,2022-03-22,74,2,0,81,2,3
17:31,19:46,2022-03-22,135,2,0,81,3,3
20:27,21:07,2022-03-22,40,2,0,81,2,3
06:45,07:48,2022-03-23,63,3,0,82,2,3
10:54,11:53,2022-03-23,58,3,0,82,2,3
12:20,13:33,2022-03-23,72,3,0,82,2,3
13:59,15:01,2022-03-23,62,3,0,82,2,3
18:37,20:34,2022-03-23,116,3,0,82,3,3
21:49,22:46,2022-03-23,57,3,0,82,2,3
00:32,01:53,2022-03-24,81,4,0,83,2,3
07:49,08:47,2022-03-24,57,4,0,83,2,3
11:27,12:04,2022-03-24,36,4,0,83,2,3
12:14,12:27,2022-03-24,13,4,0,83,1,3
12:31,12:45,2022-03-24,14,4,0,83,1,3
19:30,21:02,2022-03-24,92,4,0,83,3,3
00:08,00:30,2022-03-25,22,5,0,84,1,3
06:39,09:06,2022-03-25,146,5,0,84,3,3
12:56,13:52,2022-03-25,56,5,0,84,2,3
14:22,15:14,2022-03-25,51,5,0,84,2,3
21:05,21:35,2022-03-25,29,5,0,84,1,3
23:25,00:35,2022-03-25,70,5,0,84,2,3
05:48,06:38,2022-03-26,50,6,1,85,2,3
10:59,11:54,2022-03-26,55,6,1,85,2,3
13:16,16:28,2022-03-26,192,6,1,85,3,3
16:47,18:56,2022-03-26,129,6,1,85,3,3
01:29,02:02,2022-03-27,32,7,1,86,2,3
16:27,16:59,2022-03-27,32,7,1,86,2,3
17:17,17:44,2022-03-27,26,7,1,86,1,3
23:00,00:05,2022-03-27,64,7,1,86,2,3
00:12,01:56,2022-03-28,104,1,0,87,3,3
03:40,05:07,2022-03-28,87,1,0,87,2,3
12:49,13:22,2022-03-28,33,1,0,87,2,3
16:49,17:43,2022-03-28,54,1,0,87,2,3
20:22,21:45,2022-03-28,83,1,0,87,2,3
23:57,00:00,2022-03-28,3,1,0,87,1,3
03:42,04:30,2022-03-29,47,2,0,88,2,3
07:44,08:40,2022-03-29,55,2,0,88,2,3
11:03,12:13,2022-03-29,70,2,0,88,2,3
12:55,15:07,2022-03-29,132,2,0,88,3,3
15:21,17:45,2022-03-29,144,2,0,88,3,3
20:24,21:08,2022-03-29,43,2,0,88,2,3
23:05,00:13,2022-03-29,67,2,0,88,2,3
01:03,01:29,2022-03-30,25,3,0,89,1,3
05:14,06:33,2022-03-30,78,3,0,89,2,3
06:55,07:35,2022-03-30,39,3,0,89,2,3
08:05,08:37,2022-03-30,32,3,0,89,2,3
11:41,11:53,2022-03-30,11,3,0,89,1,3
17:26,18:57,2022-03-30,91,3,0,89,3,3
22:17,23:33,2022-03-30,76,3,0,89,2,3
16:41,17:37,2022-03-31,55,4,0,90,2,3
20:35,21:17,2022-03-31,41,4,0,90,2,3
21:53,23:03,2022-03-31,69,4,0,90,2,3
00:31,01:14,2022-04-01,42,5,0,91,2,3
19:35,20:04,2022-04-01,28,5,0,91,1,3
03:37,06:58,2022-04-02,201,6,1,92,3,3
16:55,18:01,2022-04-02,65,6,1,92,2,3
04:21,06:41,2022-04-03,140,7,1,93,3,3
11:02,12:01,2022-04-03,58,7,1,93,2,3
20:10,20:52,2022-04-03,41,7,1,93,2,3
21:48,22:31,2022-04-03,43,7,1,93,2,3
03:26,04:16,2022-04-04,49,1,0,94,2,3
07:42,08:02,2022-04-04,20,1,0,94,1,3
18:17,20:12,2022-04-04,115,1,0,94,3,3
22:40,23:53,2022-04-04,73,1,0,94,2,3
06:12,06:12,2022-04-05,0,2,0,95,1,3
16:02,16:38,2022-04-05,35,2,0,95,2,3
22:11,22:58,2022-04-05,47,2,0,95,2,3
04:46,04:59,2022-04-06,12,3,0,96,1,3
12:59,13:31,2022-04-06,32,3,0,96,2,3
00:01,00:20,2022-04-07,18,4,0,97,1,3
02:16,02:31,2022-04-07,14,4,0,97,1,3
13:04,13:31,2022-04-07,26,4,0,97,1,3
20:00,20:31,2022-04-07,30,4,0,97,2,3
08:39,09:55,2022-04-08,76,5,0,98,2,3
21:19,22:17,2022-04-09,57,6,1,99,2,3
15:17,16:31,2022-04-10,73,7,1,100,2,3
03:44,04:26,2022-04-11,41,1,0,101,2,3
23:02,00:00,2022-04-11,58,1,0,101,2,3
02:36,03:06,2022-04-12,29,2,0,102,1,3
11:21,11:43,2022-04-12,22,2,0,102,1,3
22:32,23:09,2022-04-12,37,2,0,102,2,3
15:23,15:35,2022-04-13,12,3,0,103,1,3
10:38,12:41,2022-04-14,123,4,0,104,3,3
13:50,14:39,2022-04-14,48,4,0,104,2,3
17:54,18:18,2022-04-14,23,4,0,104,1,3
22:03,23:07,2022-04-14,64,4,0,104,2,3
00:12,02:16,2022-04-15,124,5,0,105,3,3
05:44,06:03,2022-04-15,18,5,0,105,1,3
11:42,12:53,2022-04-15,71,5,0,105,2,3
22:28,23:28,2022-04-15,59,5,0,105,2,3
05:21,07:16,2022-04-16,115,6,1,106,3,3
09:53,10:53,2022-04-16,59,6,1,106,2,3
15:05,15:36,2022-04-16,30,6,1,106,2,3
20:38,20:45,2022-04-16,6,6,1,106,1,3
21:32,22:10,2022-04-16,38,6,1,106,2,3
05:24,06:52,2022-04-17,87,7,1,107,2,3
06:33,09:08,2022-04-18,154,1,0,108,3,3
09:57,10:44,2022-04-18,46,1,0,108,2,3
12:42,13:38,2022-04-18,55,1,0,108,2,3
21:16,23:13,2022-04-18,116,1,0,108,3,3
01:32,02:11,2022-04-19,39,2,0,109,2,3
20:14,20:51,2022-04-20,36,3,0,110,2,3
22:34,23:09,2022-04-20,35,3,0,110,2,3
17:09,17:52,2022-04-21,43,4,0,111,2,3
19:57,21:01,2022-04-21,63,4,0,111,2,3
13:01,13:31,2022-04-22,30,5,0,112,2,3
22:03,23:07,2022-04-22,64,5,0,112,2,3
13:15,13:31,2022-04-23,15,6,1,113,1,3
13:51,15:19,2022-04-23,87,6,1,113,2,3
22:26,23:37,2022-04-23,70,6,1,113,2,3
18:51,20:50,2022-04-24,118,7,1,114,3,3
20:55,21:26,2022-04-24,31,7,1,114,2,3
06:55,09:36,2022-04-25,161,1,0,115,3,3
11:26,11:48,2022-04-25,22,1,0,115,1,3
11:49,12:05,2022-04-25,16,1,0,115,1,3
20:50,22:10,2022-04-25,79,1,0,115,2,3
09:17,09:40,2022-04-27,23,3,0,117,1,3
18:14,18:41,2022-04-27,27,3,0,117,1,3
00:54,01:31,2022-04-28,37,4,0,118,2,3
07:37,08:05,2022-04-28,27,4,0,118,1,3
18:22,21:17,2022-04-28,175,4,0,118,3,3
07:51,08:16,2022-04-29,25,5,0,119,1,3
22:41,23:36,2022-04-29,55,5,0,119,2,3
18:16,18:28,2022-05-03,12,2,0,123,1,3
18:58,21:32,2022-05-03,153,2,0,123,3,3
23:24,23:41,2022-05-03,17,2,0,123,1,3
19:45,23:16,2022-05-04,211,3,0,124,3,3
03:26,04:25,2022-05-05,58,4,0,125,2,3
10:13,11:16,2022-05-05,63,4,0,125,2,3
20:13,22:15,2022-05-05,122,4,0,125,3,3
12:49,13:11,2022-05-06,22,5,0,126,1,3
14:35,15:18,2022-05-06,43,5,0,126,2,3
17:47,17:55,2022-05-06,7,5,0,126,1,3
01:14,01:26,2022-05-07,11,6,1,127,1,3
04:18,04:28,2022-05-07,10,6,1,127,1,3
04:33,04:51,2022-05-07,17,6,1,127,1,3
13:39,15:44,2022-05-07,125,6,1,127,3,3
01:51,02:34,2022-05-08,43,7,1,128,2,3
07:35,08:03,2022-05-08,28,7,1,128,1,3
08:21,08:39,2022-05-08,18,7,1,128,1,3
09:30,09:52,2022-05-08,21,7,1,128,1,3
11:50,12:12,2022-05-08,22,7,1,128,1,3
17:49,19:01,2022-05-08,72,7,1,128,2,3
21:49,22:04,2022-05-08,14,7,1,128,1,3
11:08,11:24,2022-05-09,15,1,0,129,1,3
15:50,16:15,2022-05-09,25,1,0,129,1,3
19:47,20:11,2022-05-09,24,1,0,129,1,3
18:56,19:41,2022-05-10,44,2,0,130,2,3
00:33,01:04,2022-05-12,31,4,0,132,2,3
17:10,18:08,2022-05-12,58,4,0,132,2,3
21:39,23:25,2022-05-12,106,4,0,132,3,3
23:41,01:13,2022-05-12,92,4,0,132,3,3
03:02,03:34,2022-05-13,32,5,0,133,2,3
20:52,22:29,2022-05-13,97,5,0,133,3,3
11:15,11:35,2022-05-14,20,6,1,134,1,3
15:22,15:30,2022-05-14,7,6,1,134,1,3
21:36,22:21,2022-05-15,45,7,1,135,2,3
08:54,09:33,2022-05-16,38,1,0,136,2,3
00:19,01:11,2022-05-17,52,2,0,137,2,3
02:49,05:28,2022-05-17,158,2,0,137,3,3
21:50,23:03,2022-05-17,73,2,0,137,2,3
18:35,21:14,2022-05-18,158,3,0,138,3,3
21:52,22:40,2022-05-18,48,3,0,138,2,3
06:05,06:32,2022-05-20,26,5,0,140,1,3
08:17,09:15,2022-05-20,57,5,0,140,2,3
14:55,15:27,2022-05-20,31,5,0,140,2,3
15:52,16:11,2022-05-20,19,5,0,140,1,3
16:35,19:01,2022-05-20,145,5,0,140,3,3
04:40,05:11,2022-05-21,31,6,1,141,2,3
10:41,12:02,2022-05-21,80,6,1,141,2,3
12:41,13:10,2022-05-21,29,6,1,141,1,3
13:08,14:19,2022-05-22,71,7,1,142,2,3
16:38,18:11,2022-05-22,92,7,1,142,3,3
23:57,00:45,2022-05-22,48,7,1,142,2,3
00:47,02:18,2022-05-23,90,1,0,143,2,3
03:34,04:17,2022-05-23,43,1,0,143,2,3
16:27,18:17,2022-05-23,109,1,0,143,3,3
20:23,20:45,2022-05-23,22,1,0,143,1,3
23:51,00:16,2022-05-23,25,1,0,143,1,3
13:02,15:19,2022-05-24,136,2,0,144,3,3
03:32,03:46,2022-05-25,14,3,0,145,1,3
04:36,06:31,2022-05-25,114,3,0,145,3,3
19:33,21:49,2022-05-25,136,3,0,145,3,3
03:19,03:48,2022-05-27,29,5,0,147,1,3
20:47,21:31,2022-05-27,44,5,0,147,2,3
21:40,22:20,2022-05-27,40,5,0,147,2,3
00:02,00:39,2022-05-28,37,6,1,148,2,3
10:29,10:47,2022-05-28,18,6,1,148,1,3
20:20,21:18,2022-05-28,57,6,1,148,2,3
05:05,05:41,2022-05-29,35,7,1,149,2,3
12:51,13:22,2022-05-29,31,7,1,149,2,3
22:56,23:19,2022-05-29,23,7,1,149,1,3
01:11,01:31,2022-06-01,20,3,0,152,1,4
15:49,16:19,2022-06-01,30,3,0,152,2,4
21:12,23:19,2022-06-01,127,3,0,152,3,4
05:43,06:17,2022-06-02,33,4,0,153,2,4
13:28,13:52,2022-06-03,24,5,0,154,1,4
13:55,14:41,2022-06-03,45,5,0,154,2,4
22:18,23:23,2022-06-03,64,5,0,154,2,4
21:46,23:06,2022-06-04,80,6,1,155,2,4
02:43,03:13,2022-06-05,29,7,1,156,1,4
05:01,07:26,2022-06-05,145,7,1,156,3,4
01:17,02:10,2022-06-06,52,1,0,157,2,4
10:21,13:09,2022-06-06,168,1,0,157,3,4
02:11,02:41,2022-06-07,29,2,0,158,1,4
18:02,18:06,2022-06-07,3,2,0,158,1,4
19:44,20:47,2022-06-07,62,2,0,158,2,4
16:22,17:10,2022-06-08,48,3,0,159,2,4
00:43,01:35,2022-06-09,51,4,0,160,2,4
13:16,14:23,2022-06-09,67,4,0,160,2,4
20:54,21:09,2022-06-10,14,5,0,161,1,4
21:19,21:42,2022-06-10,23,5,0,161,1,4
21:02,22:14,2022-06-11,72,6,1,162,2,4
23:23,23:54,2022-06-12,30,7,1,163,2,4
12:56,13:46,2022-06-13,50,1,0,164,2,4
09:25,10:00,2022-06-14,35,2,0,165,2,4
12:27,13:51,2022-06-14,84,2,0,165,2,4
00:50,01:27,2022-06-15,37,3,0,166,2,4
10:37,11:08,2022-06-16,30,4,0,167,2,4
15:58,16:15,2022-06-16,17,4,0,167,1,4
23:24,00:40,2022-06-16,75,4,0,167,2,4
04:31,05:45,2022-06-18,74,6,1,169,2,4
11:26,11:33,2022-06-18,7,6,1,169,1,4
12:31,12:58,2022-06-18,27,6,1,169,1,4
19:29,20:00,2022-06-18,30,6,1,169,2,4
07:41,08:13,2022-06-19,32,7,1,170,2,4
16:02,16:32,2022-06-20,30,1,0,171,2,4
20:56,21:25,2022-06-20,28,1,0,171,1,4
08:49,08:51,2022-06-21,1,2,0,172,1,4
23:59,00:18,2022-06-22,19,3,0,173,1,4
00:28,00:41,2022-06-23,13,4,0,174,1,4
08:34,09:32,2022-06-23,58,4,0,174,2,4
17:43,17:58,2022-06-23,14,4,0,174,1,4
19:34,19:58,2022-06-23,24,4,0,174,1,4
21:46,23:02,2022-06-24,75,5,0,175,2,4
03:20,05:02,2022-06-25,102,6,1,176,3,4
05:04,07:01,2022-06-25,117,6,1,176,3,4
18:28,19:47,2022-06-25,78,6,1,176,2,4
04:39,05:03,2022-06-26,24,7,1,177,1,4
05:47,07:21,2022-06-26,93,7,1,177,3,4
10:40,13:05,2022-06-26,145,7,1,177,3,4
18:38,19:04,2022-06-26,25,7,1,177,1,4
00:37,01:31,2022-06-27,54,1,0,178,2,4
11:28,12:00,2022-06-27,32,1,0,178,2,4
15:40,16:15,2022-06-27,35,1,0,178,2,4
11:18,11:18,2022-06-28,0,2,0,179,1,4
16:43,17:45,2022-06-28,62,2,0,179,2,4
20:48,21:46,2022-06-28,58,2,0,179,2,4
02:51,04:42,2022-07-05,110,2,0,186,3,4
19:16,20:20,2022-07-05,63,2,0,186,2,4
02:45,03:49,2022-07-06,64,3,0,187,2,4
03:10,04:05,2022-07-07,54,4,0,188,2,4
22:54,01:07,2022-07-10,132,7,1,191,3,4
04:32,05:48,2022-07-12,75,2,0,193,2,4
14:18,15:19,2022-07-13,61,3,0,194,2,4
10:04,12:23,2022-07-14,139,4,0,195,3,4
15:05,15:20,2022-07-14,15,4,0,195,1,4
22:21,00:08,2022-07-14,107,4,0,195,3,4
18:27,18:33,2022-07-15,6,5,0,196,1,4
19:59,21:48,2022-07-15,108,5,0,196,3,4
04:04,05:34,2022-07-16,90,6,1,197,2,4
16:21,17:52,2022-07-16,90,6,1,197,2,4
17:30,18:01,2022-07-18,31,1,0,199,2,4
23:25,00:02,2022-07-18,36,1,0,199,2,4
04:36,06:00,2022-07-23,84,6,1,204,2,4
08:09,09:30,2022-07-24,81,7,1,205,2,4
10:40,11:48,2022-07-24,67,7,1,205,2,4
23:05,23:43,2022-07-24,38,7,1,205,2,4
17:19,18:57,2022-07-25,98,1,0,206,3,4
22:03,23:21,2022-07-25,78,1,0,206,2,4
23:12,00:38,2022-07-26,86,2,0,207,2,4
09:40,10:43,2022-07-27,63,3,0,208,2,4
04:09,05:18,2022-07-28,69,4,0,209,2,4
05:37,06:04,2022-07-28,27,4,0,209,1,4
06:09,06:11,2022-07-28,1,4,0,209,1,4
06:20,06:53,2022-07-28,32,4,0,209,2,4
12:21,12:54,2022-07-28,33,4,0,209,2,4
09:26,10:43,2022-07-29,76,5,0,210,2,4
09:22,09:51,2022-07-30,28,6,1,211,1,4
15:36,15:57,2022-07-31,21,7,1,212,1,4
21:51,23:07,2022-07-31,75,7,1,212,2,4
16:54,18:20,2022-08-02,85,2,0,214,2,4
01:48,02:14,2022-08-05,25,5,0,217,1,4
19:27,20:03,2022-08-05,36,5,0,217,2,4
21:37,22:00,2022-08-05,23,5,0,217,1,4
20:05,21:40,2022-08-07,94,7,1,219,3,4
08:01,08:30,2022-08-08,29,1,0,220,1,4
10:26,10:44,2022-08-08,17,1,0,220,1,4
13:07,13:34,2022-08-08,26,1,0,220,1,4
18:26,19:09,2022-08-08,43,1,0,220,2,4
13:09,14:01,2022-08-11,52,4,0,223,2,4
19:13,19:30,2022-08-11,17,4,0,223,1,4
21:09,21:46,2022-08-11,36,4,0,223,2,4
04:25,04:46,2022-08-12,21,5,0,224,1,4
01:53,02:19,2022-08-13,25,6,1,225,1,4
08:01,08:16,2022-08-13,14,6,1,225,1,4
23:30,00:30,2022-08-15,59,1,0,227,2,4
00:38,02:06,2022-08-16,88,2,0,228,2,4
12:57,13:58,2022-08-16,60,2,0,228,2,4
14:02,14:30,2022-08-16,27,2,0,228,1,4
02:26,03:30,2022-08-17,64,3,0,229,2,4
04:49,05:06,2022-08-18,17,4,0,230,1,4
23:30,00:17,2022-08-18,47,4,0,230,2,4
17:07,17:57,2022-08-19,49,5,0,231,2,4
18:52,19:06,2022-08-19,13,5,0,231,1,4
01:47,02:15,2022-08-20,27,6,1,232,1,4
09:44,10:10,2022-08-20,26,6,1,232,1,4
11:02,12:28,2022-08-20,85,6,1,232,2,4
14:14,15:01,2022-08-20,47,6,1,232,2,4
03:12,03:56,2022-08-21,43,7,1,233,2,4
10:20,10:36,2022-08-22,15,1,0,234,1,4
15:42,16:03,2022-08-22,21,1,0,234,1,4
07:19,07:38,2022-08-23,18,2,0,235,1,4
06:32,07:29,2022-08-24,57,3,0,236,2,4
10:38,11:24,2022-08-24,46,3,0,236,2,4
12:36,14:15,2022-08-24,99,3,0,236,3,4
15:45,16:30,2022-08-24,45,3,0,236,2,4
16:51,17:58,2022-08-24,67,3,0,236,2,4
18:23,19:05,2022-08-24,41,3,0,236,2,4
19:17,20:27,2022-08-24,70,3,0,236,2,4
02:46,03:33,2022-08-25,47,4,0,237,2,4
02:22,02:48,2022-08-26,26,5,0,238,1,4
19:19,19:51,2022-08-28,32,7,1,240,2,4
11:45,12:21,2022-08-31,36,3,0,243,2,4
14:17,14:50,2022-09-02,33,5,0,245,2,1
18:41,19:09,2022-09-02,27,5,0,245,1,1
23:47,00:09,2022-09-02,21,5,0,245,1,1
06:09,07:33,2022-09-04,83,7,1,247,2,1
07:29,08:30,2022-09-06,60,2,0,249,2,1
08:34,08:51,2022-09-07,16,3,0,250,1,1
19:26,19:50,2022-09-07,23,3,0,250,1,1
20:37,20:54,2022-09-09,16,5,0,252,1,1
05:56,06:12,2022-09-11,15,7,1,254,1,1
10:30,11:49,2022-09-11,78,7,1,254,2,1
19:11,20:43,2022-09-11,91,7,1,254,3,1
16:34,16:51,2022-09-14,16,3,0,257,1,1
16:55,17:54,2022-09-14,58,3,0,257,2,1
13:03,13:30,2022-09-15,26,4,0,258,1,1
14:47,15:20,2022-09-15,32,4,0,258,2,1
16:47,17:25,2022-09-15,37,4,0,258,2,1
13:04,13:21,2022-09-16,17,5,0,259,1,1
13:27,14:22,2022-09-16,55,5,0,259,2,1
22:10,22:35,2022-09-16,25,5,0,259,1,1
05:00,05:14,2022-09-20,13,2,0,263,1,1
11:43,12:13,2022-09-22,30,4,0,265,2,1
17:27,17:34,2022-09-22,7,4,0,265,1,1
13:33,14:02,2022-09-26,29,1,0,269,1,1
18:20,18:47,2022-09-28,26,3,0,271,1,1
21:00,21:30,2022-09-30,30,5,0,273,2,1
04:11,04:43,2022-10-01,31,6,1,274,2,1
15:45,16:23,2022-10-01,37,6,1,274,2,1
07:25,08:23,2022-10-03,58,1,0,276,2,1
14:35,15:52,2022-10-04,76,2,0,277,2,1
02:22,05:03,2022-10-05,161,3,0,278,3,1
05:56,07:46,2022-10-05,110,3,0,278,3,1
05:38,06:07,2022-10-06,28,4,0,279,1,1
15:45,16:14,2022-10-06,28,4,0,279,1,1
18:11,19:33,2022-10-09,81,7,1,282,2,1
21:53,22:21,2022-10-09,27,7,1,282,1,1
06:47,12:24,2022-10-10,337,1,0,283,3,1
15:14,17:09,2022-10-10,115,1,0,283,3,1
07:52,13:00,2022-10-11,308,2,0,284,3,1
01:09,01:36,2022-10-12,26,3,0,285,1,1
02:15,02:46,2022-10-12,30,3,0,285,2,1
05:21,05:25,2022-10-12,3,3,0,285,1,1
07:34,07:52,2022-10-12,18,3,0,285,1,1
19:45,21:15,2022-10-12,89,3,0,285,2,1
05:02,06:14,2022-10-13,72,4,0,286,2,1
15:37,16:49,2022-10-13,72,4,0,286,2,1
18:52,19:01,2022-10-13,9,4,0,286,1,1
07:07,08:07,2022-10-15,60,6,1,288,2,1
12:35,12:55,2022-10-15,19,6,1,288,1,1
01:45,02:13,2022-10-16,28,7,1,289,1,1
08:15,08:25,2022-10-16,9,7,1,289,1,1
12:27,13:28,2022-10-16,61,7,1,289,2,1
06:23,09:31,2022-10-17,188,1,0,290,3,1
12:40,15:13,2022-10-17,152,1,0,290,3,1
19:11,21:53,2022-10-17,161,1,0,290,3,1
22:39,00:49,2022-10-17,129,1,0,290,3,1
05:11,06:05,2022-10-18,54,2,0,291,2,1
06:25,10:01,2022-10-18,215,2,0,291,3,1
12:49,16:20,2022-10-19,211,3,0,292,3,1
01:12,01:17,2022-10-20,5,4,0,293,1,1
09:30,11:33,2022-10-20,123,4,0,293,3,1
07:46,08:22,2022-10-21,35,5,0,294,2,1
15:13,16:26,2022-10-21,72,5,0,294,2,1
01:38,03:31,2022-10-22,113,6,1,295,3,1
07:31,10:52,2022-10-22,201,6,1,295,3,1
11:15,12:40,2022-10-22,84,6,1,295,2,1
01:43,02:01,2022-10-23,17,7,1,296,1,1
13:22,14:48,2022-10-24,85,1,0,297,2,1
10:28,12:34,2022-10-25,125,2,0,298,3,1
08:40,09:34,2022-10-26,53,3,0,299,2,1
15:12,16:26,2022-10-26,74,3,0,299,2,1
17:46,18:30,2022-10-26,44,3,0,299,2,1
18:43,19:34,2022-10-26,51,3,0,299,2,1
21:30,23:09,2022-10-26,99,3,0,299,3,1
10:31,11:04,2022-10-27,33,4,0,300,2,1
11:45,13:18,2022-10-27,92,4,0,300,3,1
00:58,01:19,2022-10-28,21,5,0,301,1,1
19:37,19:58,2022-10-28,21,5,0,301,1,1
17:39,19:03,2022-10-29,83,6,1,302,2,1
01:00,01:23,2022-10-31,23,1,0,304,1,1
07:00,10:02,2022-10-31,181,1,0,304,3,1
09:10,10:39,2022-11-01,88,2,0,305,2,1
16:02,16:51,2022-11-04,49,5,0,308,2,1
09:07,10:34,2022-11-05,86,6,1,309,2,1
21:25,22:08,2022-11-08,43,2,0,312,2,1
12:59,14:25,2022-11-09,86,3,0,313,2,1
14:24,15:56,2022-11-12,92,6,1,316,3,1
23:23,23:53,2022-11-12,29,6,1,316,1,1
09:15,10:50,2022-11-13,94,7,1,317,3,1
12:07,13:44,2022-11-13,97,7,1,317,3,1
14:21,18:20,2022-11-15,238,2,0,319,3,1
23:39,00:25,2022-11-15,45,2,0,319,2,1
09:46,10:18,2022-11-16,31,3,0,320,2,1
08:00,10:56,2022-11-17,175,4,0,321,3,1
09:13,10:46,2022-11-20,93,7,1,324,3,1
12:46,15:08,2022-11-23,141,3,0,327,3,1
12:41,12:52,2022-11-29,10,2,0,333,1,1
14:19,15:36,2022-12-01,76,4,0,335,2,2
14:34,14:53,2022-12-03,18,6,1,337,1,2
13:10,16:10,2022-12-05,179,1,0,339,3,2
13:20,13:39,2022-12-11,19,7,1,345,1,2
00:24,00:54,2022-12-12,29,1,0,346,1,2
14:40,15:51,2022-12-13,70,2,0,347,2,2
05:55,09:07,2022-12-14,192,3,0,348,3,2
08:10,12:18,2022-12-16,248,5,0,350,3,2
11:23,13:06,2022-12-17,103,6,1,351,3,2
01:56,05:15,2022-12-19,198,1,0,353,3,2
05:24,05:50,2022-12-19,25,1,0,353,1,2
13:33,13:55,2022-12-19,21,1,0,353,1,2
12:24,14:23,2022-12-21,119,3,0,355,3,2
14:50,15:08,2022-12-21,17,3,0,355,1,2
11:18,11:42,2022-12-22,24,4,0,356,1,2
12:52,13:24,2022-12-23,31,5,0,357,2,2
11:53,12:11,2022-12-24,17,6,1,358,1,2
09:23,11:14,2022-12-25,110,7,1,359,3,2
14:26,16:20,2022-12-25,114,7,1,359,3,2
14:47,16:27,2022-12-27,100,2,0,361,3,2
09:08,09:27,2022-12-28,19,3,0,362,1,2
11:22,13:18,2022-12-28,115,3,0,362,3,2
06:01,10:46,2022-12-29,284,4,0,363,3,2
02:12,04:24,2022-12-30,131,5,0,364,3,2
11:47,12:20,2022-12-30,33,5,0,364,2,2
12:49,16:03,2022-12-31,193,6,1,365,3,2
00:35,04:50,2023-01-01,255,7,1,1,3,2
23:38,03:46,2023-01-01,248,7,1,1,3,2
10:36,12:34,2023-01-04,118,3,0,4,3,2
12:45,14:37,2023-01-06,112,5,0,6,3,2
09:35,11:03,2023-01-14,87,6,1,14,2,2
14:37,17:02,2023-01-14,144,6,1,14,3,2
10:14,11:45,2023-01-19,91,4,0,19,3,2
12:40,14:25,2023-01-20,104,5,0,20,3,2
14:36,15:15,2023-01-24,39,2,0,24,2,2
09:07,10:55,2023-01-25,108,3,0,25,3,2
14:01,15:42,2023-01-25,100,3,0,25,3,2
16:19,16:50,2023-01-25,31,3,0,25,2,2
20:07,20:37,2023-01-25,30,3,0,25,2,2
00:02,03:46,2023-01-26,223,4,0,26,3,2
07:45,12:08,2023-01-26,262,4,0,26,3,2
11:17,11:44,2023-01-31,27,2,0,31,1,2
12:48,13:04,2023-01-31,16,2,0,31,1,2
14:30,14:56,2023-01-31,26,2,0,31,1,2
10:30,12:13,2023-02-03,103,5,0,34,3,2
16:34,17:17,2023-02-03,42,5,0,34,2,2
09:05,10:55,2023-02-04,110,6,1,35,3,2
16:49,17:34,2023-02-04,45,6,1,35,2,2
15:41,15:49,2023-02-08,7,3,0,39,1,2
03:58,04:47,2023-02-10,49,5,0,41,2,2
08:27,11:57,2023-02-10,210,5,0,41,3,2
13:16,14:40,2023-02-10,83,5,0,41,2,2
16:32,18:26,2023-02-10,113,5,0,41,3,2
21:46,00:51,2023-02-10,185,5,0,41,3,2
09:10,10:59,2023-02-14,109,2,0,45,3,2
15:01,15:53,2023-02-15,52,3,0,46,2,2
02:35,04:41,2023-02-16,125,4,0,47,3,2
12:11,12:35,2023-02-16,23,4,0,47,1,2
13:42,14:15,2023-02-17,33,5,0,48,2,2
15:41,16:07,2023-02-17,26,5,0,48,1,2
08:30,09:36,2023-02-18,66,6,1,49,2,2
15:29,15:54,2023-02-19,24,7,1,50,1,2
11:34,13:07,2023-02-20,92,1,0,51,3,2
09:05,11:00,2023-02-22,115,3,0,53,3,2
11:29,11:52,2023-02-23,22,4,0,54,1,2
09:23,09:52,2023-02-25,28,6,1,56,1,2
15:55,16:18,2023-02-25,22,6,1,56,1,2
23:19,04:46,2023-02-26,327,7,1,57,3,2
08:24,09:23,2023-02-27,58,1,0,58,2,2
17:35,17:44,2023-02-28,8,2,0,59,1,2
23:52,01:21,2023-02-28,89,2,0,59,2,2
11:32,12:08,2023-03-01,36,3,0,60,2,3
19:04,19:22,2023-03-01,17,3,0,60,1,3
18:53,19:11,2023-03-02,18,4,0,61,1,3
09:08,10:53,2023-03-03,104,5,0,62,3,3
00:53,03:03,2023-03-06,130,1,0,65,3,3
09:06,10:49,2023-03-06,102,1,0,65,3,3
10:32,10:55,2023-03-07,23,2,0,66,1,3
12:22,12:41,2023-03-07,19,2,0,66,1,3
14:08,14:34,2023-03-07,25,2,0,66,1,3
00:57,07:49,2023-03-09,411,4,0,68,3,3
12:57,14:20,2023-03-09,82,4,0,68,2,3
09:12,10:34,2023-03-10,82,5,0,69,2,3
18:39,18:58,2023-03-10,19,5,0,69,1,3
10:49,11:48,2023-03-13,58,1,0,72,2,3
13:16,13:51,2023-03-13,35,1,0,72,2,3
10:03,11:10,2023-03-14,66,2,0,73,2,3
13:00,13:28,2023-03-14,27,2,0,73,1,3
14:30,14:55,2023-03-14,25,2,0,73,1,3
16:26,16:49,2023-03-14,23,2,0,73,1,3
19:11,20:06,2023-03-14,54,2,0,73,2,3
09:44,11:25,2023-03-15,101,3,0,74,3,3
12:59,13:17,2023-03-15,18,3,0,74,1,3
15:03,15:52,2023-03-15,49,3,0,74,2,3
09:05,10:36,2023-03-16,91,4,0,75,3,3
21:17,01:43,2023-03-17,266,5,0,76,3,3
09:07,11:14,2023-03-18,126,6,1,77,3,3
17:48,18:01,2023-03-18,12,6,1,77,1,3
09:09,10:41,2023-03-20,92,1,0,79,3,3
15:39,15:55,2023-03-20,16,1,0,79,1,3
00:12,04:31,2023-03-22,259,3,0,81,3,3
09:08,11:08,2023-03-22,119,3,0,81,3,3
09:07,11:04,2023-03-23,117,4,0,82,3,3
23:58,01:29,2023-03-23,90,4,0,82,2,3
22:10,00:36,2023-03-27,145,1,0,86,3,3
13:25,13:43,2023-03-30,17,4,0,89,1,3
21:57,00:32,2023-03-30,154,4,0,89,3,3
12:38,14:41,2023-04-04,122,2,0,94,3,3
19:28,19:50,2023-04-07,22,5,0,97,1,3
11:28,12:15,2023-04-13,46,4,0,103,2,3
22:07,23:01,2023-04-19,54,3,0,109,2,3
00:09,00:28,2023-04-21,19,5,0,111,1,3
00:39,03:34,2023-04-21,175,5,0,111,3,3
18:25,18:56,2023-04-21,30,5,0,111,2,3
04:01,06:13,2023-04-28,131,5,0,118,3,3
18:31,19:14,2023-04-28,43,5,0,118,2,3
03:41,06:32,2023-05-01,171,1,0,121,3,3
00:14,04:48,2023-05-03,274,3,0,123,3,3
16:28,16:41,2023-05-03,13,3,0,123,1,3
16:46,17:38,2023-05-03,52,3,0,123,2,3
02:21,06:03,2023-05-04,221,4,0,124,3,3
20:00,20:33,2023-05-04,32,4,0,124,2,3
17:05,18:03,2023-05-05,58,5,0,125,2,3
22:24,01:09,2023-05-06,164,6,1,126,3,3
23:34,03:09,2023-05-07,214,7,1,127,3,3
11:56,12:43,2023-05-08,46,1,0,128,2,3
04:03,06:04,2023-05-09,120,2,0,129,3,3
02:20,04:50,2023-05-13,149,6,1,133,3,3
22:11,00:11,2023-05-13,119,6,1,133,3,3
03:04,05:33,2023-05-14,148,7,1,134,3,3
19:58,20:15,2023-05-15,17,1,0,135,1,3
02:24,04:03,2023-05-16,98,2,0,136,3,3
04:21,05:33,2023-05-16,71,2,0,136,2,3
23:09,00:12,2023-05-16,63,2,0,136,2,3
23:19,23:45,2023-05-17,25,3,0,137,1,3
03:10,06:02,2023-05-18,172,4,0,138,3,3
20:51,21:23,2023-05-18,32,4,0,138,2,3
00:01,04:17,2023-05-19,256,5,0,139,3,3
00:41,03:01,2023-05-20,140,6,1,140,3,3
02:43,05:09,2023-05-22,145,1,0,142,3,3
23:03,23:15,2023-05-22,12,1,0,142,1,3
23:45,03:01,2023-05-24,195,3,0,144,3,3
03:02,05:34,2023-05-26,151,5,0,146,3,3
01:08,06:22,2023-05-28,313,7,1,148,3,3
00:40,04:58,2023-05-29,258,1,0,149,3,3
11:09,12:23,2023-05-29,74,1,0,149,2,3
16:55,17:52,2023-05-29,56,1,0,149,2,3
02:06,04:46,2023-05-30,160,2,0,150,3,3
02:49,04:03,2023-06-01,73,4,0,152,2,4
07:29,07:50,2023-06-01,20,4,0,152,1,4
10:14,10:35,2023-06-01,20,4,0,152,1,4
01:55,04:36,2023-06-02,160,5,0,153,3,4
22:47,23:15,2023-06-02,27,5,0,153,1,4
01:48,04:30,2023-06-04,161,7,1,155,3,4
00:54,04:07,2023-06-06,192,2,0,157,3,4
11:28,12:03,2023-06-07,34,3,0,158,2,4
20:17,21:06,2023-06-08,49,4,0,159,2,4
00:41,04:21,2023-06-09,219,5,0,160,3,4
03:31,04:11,2023-06-10,40,6,1,161,2,4
17:05,17:22,2023-06-11,17,7,1,162,1,4
02:46,04:37,2023-06-13,111,2,0,164,3,4
07:10,08:20,2023-06-13,70,2,0,164,2,4
20:21,20:45,2023-06-14,23,3,0,165,1,4
23:41,00:06,2023-06-14,24,3,0,165,1,4
03:26,04:52,2023-06-15,85,4,0,166,2,4
15:45,16:48,2023-06-15,62,4,0,166,2,4
18:14,18:37,2023-06-15,22,4,0,166,1,4
11:05,12:17,2023-06-16,71,5,0,167,2,4
02:52,06:30,2023-06-20,217,2,0,171,3,4
00:57,01:59,2023-06-22,62,4,0,173,2,4
01:33,03:43,2023-06-23,130,5,0,174,3,4
21:39,21:51,2023-06-23,11,5,0,174,1,4
22:46,23:11,2023-06-23,24,5,0,174,1,4
02:20,04:02,2023-06-24,102,6,1,175,3,4
05:47,06:47,2023-06-24,60,6,1,175,2,4
23:10,23:57,2023-06-25,46,7,1,176,2,4
02:29,03:20,2023-07-02,51,7,1,183,2,4
07:20,08:10,2023-07-02,50,7,1,183,2,4
01:28,03:15,2023-07-06,107,4,0,187,3,4
21:18,21:54,2023-07-07,36,5,0,188,2,4
04:25,05:25,2023-07-11,60,2,0,192,2,4
15:06,15:22,2023-07-11,16,2,0,192,1,4
19:11,19:41,2023-07-11,29,2,0,192,1,4
01:21,03:32,2023-07-12,131,3,0,193,3,4
00:14,03:10,2023-07-13,175,4,0,194,3,4
18:35,19:06,2023-07-14,31,5,0,195,2,4
18:53,19:03,2023-07-16,9,7,1,197,1,4
10:14,10:29,2023-07-17,14,1,0,198,1,4
00:05,00:53,2023-07-19,47,3,0,200,2,4
04:41,05:40,2023-07-19,58,3,0,200,2,4
18:51,19:11,2023-07-20,19,4,0,201,1,4
23:10,23:26,2023-07-20,16,4,0,201,1,4
10:37,12:01,2023-07-21,83,5,0,202,2,4
01:57,05:01,2023-07-25,184,2,0,206,3,4
13:30,14:48,2023-07-26,77,3,0,207,2,4
17:54,20:22,2023-07-26,148,3,0,207,3,4
12:20,12:30,2023-07-28,10,5,0,209,1,4
20:46,21:13,2023-07-28,27,5,0,209,1,4
00:08,00:52,2023-07-31,43,1,0,212,2,4
11:33,11:57,2023-08-01,23,2,0,213,1,4
13:14,13:36,2023-08-01,21,2,0,213,1,4
15:29,15:45,2023-08-01,15,2,0,213,1,4
19:40,20:02,2023-08-01,22,2,0,213,1,4
02:21,03:30,2023-08-02,69,3,0,214,2,4
07:28,07:51,2023-08-02,22,3,0,214,1,4
08:16,08:43,2023-08-02,27,3,0,214,1,4
01:06,04:06,2023-08-03,180,4,0,215,3,4
13:38,14:21,2023-08-04,43,5,0,216,2,4
09:27,10:03,2023-08-05,35,6,1,217,2,4
11:34,12:08,2023-08-05,33,6,1,217,2,4
18:15,19:39,2023-08-05,83,6,1,217,2,4
01:04,01:39,2023-08-06,35,7,1,218,2,4
17:52,18:25,2023-08-08,32,2,0,220,2,4
16:02,16:46,2023-08-09,44,3,0,221,2,4
17:40,18:06,2023-08-09,26,3,0,221,1,4
20:43,21:08,2023-08-09,25,3,0,221,1,4
23:23,23:47,2023-08-09,24,3,0,221,1,4
00:17,01:30,2023-08-10,72,4,0,222,2,4
03:57,04:07,2023-08-10,10,4,0,222,1,4
09:47,10:33,2023-08-11,46,5,0,223,2,4
01:02,01:33,2023-08-14,31,1,0,226,2,4
03:24,05:29,2023-08-15,125,2,0,227,3,4
15:25,16:25,2023-08-15,60,2,0,227,2,4
20:22,21:35,2023-08-15,72,2,0,227,2,4
16:19,17:01,2023-08-17,42,4,0,229,2,4
17:49,18:29,2023-08-17,39,4,0,229,2,4
19:09,19:35,2023-08-17,25,4,0,229,1,4
21:21,23:52,2023-08-17,151,4,0,229,3,4
13:18,13:34,2023-08-18,16,5,0,230,1,4
22:41,23:08,2023-08-21,26,1,0,233,1,4
12:49,13:22,2023-08-22,32,2,0,234,2,4
16:53,18:06,2023-08-23,73,3,0,235,2,4
15:25,16:23,2023-08-24,57,4,0,236,2,4
17:04,17:36,2023-08-25,32,5,0,237,2,4
18:00,18:42,2023-08-25,42,5,0,237,2,4
20:20,20:34,2023-08-25,14,5,0,237,1,4
21:39,21:50,2023-08-25,11,5,0,237,1,4
22:21,22:53,2023-08-25,32,5,0,237,2,4
23:25,23:47,2023-08-25,21,5,0,237,1,4
00:38,01:01,2023-08-26,23,6,1,238,1,4
03:32,06:24,2023-08-27,171,7,1,239,3,4
04:29,04:53,2023-08-28,23,1,0,240,1,4
02:15,02:16,2023-08-30,0,3,0,242,1,4
02:39,05:40,2023-08-30,180,3,0,242,3,4
04:33,05:28,2023-09-01,55,5,0,244,2,1
13:31,14:13,2023-09-04,41,1,0,247,2,1
04:42,06:36,2023-09-06,114,3,0,249,3,1
20:03,20:57,2023-09-07,54,4,0,250,2,1
08:55,09:15,2023-09-08,20,5,0,251,1,1
01:15,03:08,2023-09-10,113,7,1,253,3,1
11:18,11:51,2023-09-16,32,6,1,259,2,1
04:41,06:51,2023-09-17,130,7,1,260,3,1
03:55,05:58,2023-09-18,122,1,0,261,3,1
14:55,15:26,2023-09-18,30,1,0,261,2,1
02:11,04:04,2023-09-20,112,3,0,263,3,1
04:25,06:40,2023-09-21,134,4,0,264,3,1
07:15,08:03,2023-09-21,48,4,0,264,2,1
00:14,01:09,2023-09-25,54,1,0,268,2,1
14:23,14:53,2023-09-26,30,2,0,269,2,1
19:33,19:53,2023-09-26,20,2,0,269,1,1
18:40,19:44,2023-09-29,64,5,0,272,2,1
04:04,04:45,2023-10-02,41,1,0,275,2,1
16:12,17:22,2023-10-17,69,2,0,290,2,1
22:12,23:01,2023-10-22,48,7,1,295,2,1
10:53,12:55,2023-10-28,122,6,1,301,3,1
21:48,22:21,2023-10-31,33,2,0,304,2,1
23:25,23:44,2023-10-31,18,2,0,304,1,1
12:37,15:08,2023-11-04,150,6,1,308,3,1
15:04,16:31,2023-11-06,86,1,0,310,2,1
14:25,15:04,2023-11-08,39,3,0,312,2,1
10:29,14:06,2023-11-10,217,5,0,314,3,1
22:35,23:45,2023-11-10,70,5,0,314,2,1
08:02,09:12,2023-11-11,70,6,1,315,2,1
12:04,15:31,2023-11-11,207,6,1,315,3,1
12:45,12:56,2023-11-13,11,1,0,317,1,1
14:37,17:21,2023-11-14,163,2,0,318,3,1
00:07,00:21,2023-11-15,13,3,0,319,1,1
12:05,14:16,2023-11-15,131,3,0,319,3,1
08:09,08:20,2023-11-16,10,4,0,320,1,1
00:17,01:21,2023-11-18,64,6,1,322,2,1
04:10,05:00,2023-11-18,49,6,1,322,2,1
22:46,23:30,2023-11-18,44,6,1,322,2,1
23:35,02:01,2023-11-18,145,6,1,322,3,1
02:37,08:45,2023-11-25,368,6,1,329,3,1
14:39,15:13,2023-11-25,34,6,1,329,2,1
00:03,03:20,2023-11-26,196,7,1,330,3,1
12:22,14:04,2023-11-27,101,1,0,331,3,1
13:41,14:27,2023-11-28,45,2,0,332,2,1
21:37,22:01,2023-11-28,23,2,0,332,1,1
22:02,22:10,2023-11-29,7,3,0,333,1,1
07:04,07:49,2023-12-01,45,5,0,335,2,2
11:00,12:26,2023-12-01,86,5,0,335,2,2
12:07,13:48,2023-12-02,100,6,1,336,3,2
13:02,14:37,2023-12-03,95,7,1,337,3,2
14:47,15:00,2023-12-03,13,7,1,337,1,2
12:51,14:40,2023-12-06,108,3,0,340,3,2
12:41,13:47,2023-12-07,66,4,0,341,2,2
06:47,08:31,2023-12-08,103,5,0,342,3,2
10:16,11:24,2023-12-10,67,7,1,344,2,2
04:15,05:01,2023-12-11,46,1,0,345,2,2
03:00,03:37,2023-12-13,37,3,0,347,2,2
08:39,09:06,2023-12-14,27,4,0,348,1,2
11:06,12:41,2023-12-14,95,4,0,348,3,2
14:08,14:58,2023-12-14,49,4,0,348,2,2
15:35,16:14,2023-12-14,38,4,0,348,2,2
17:29,18:35,2023-12-14,66,4,0,348,2,2
23:30,03:46,2023-12-15,255,5,0,349,3,2
20:05,20:22,2023-12-16,17,6,1,350,1,2
22:56,00:28,2023-12-19,92,2,0,353,3,2
15:36,16:00,2023-12-20,23,3,0,354,1,2
20:23,21:05,2023-12-20,41,3,0,354,2,2
23:05,01:04,2023-12-21,119,4,0,355,3,2
13:47,14:43,2023-12-22,55,5,0,356,2,2
10:31,12:36,2023-12-25,125,1,0,359,3,2
05:18,05:35,2023-12-26,17,2,0,360,1,2
09:49,10:09,2023-12-26,20,2,0,360,1,2
11:16,12:52,2023-12-26,96,2,0,360,3,2
11:54,12:10,2023-12-27,16,3,0,361,1,2
09:20,09:37,2023-12-28,16,4,0,362,1,2
00:15,01:35,2023-12-29,79,5,0,363,2,2
04:51,05:29,2023-12-29,38,5,0,363,2,2
06:47,09:29,2023-12-29,162,5,0,363,3,2
14:45,15:49,2023-12-29,64,5,0,363,2,2
10:30,11:56,2023-12-30,86,6,1,364,2,2
10:42,11:48,2023-12-31,66,7,1,365,2,2
13:24,14:13,2023-12-31,48,7,1,365,2,2
19:29,21:30,2023-12-31,120,7,1,365,3,2
11:19,13:53,2024-01-01,154,1,0,1,3,2
14:55,15:35,2024-01-01,40,1,0,1,2,2
15:49,17:23,2024-01-01,93,1,0,1,3,2
02:23,03:56,2024-01-02,92,2,0,2,3,2
05:53,09:47,2024-01-02,233,2,0,2,3,2
18:34,19:11,2024-01-02,37,2,0,2,2,2
09:23,11:31,2024-01-06,127,6,1,6,3,2
09:53,11:03,2024-01-07,70,7,1,7,2,2
12:19,12:46,2024-01-07,27,7,1,7,1,2
06:10,08:23,2024-01-08,133,1,0,8,3,2
07:58,08:49,2024-01-10,51,3,0,10,2,2
13:30,14:46,2024-01-11,75,4,0,11,2,2
19:25,20:02,2024-01-12,37,5,0,12,2,2
23:24,00:00,2024-01-12,35,5,0,12,2,2
06:20,08:11,2024-01-13,110,6,1,13,3,2
11:51,13:12,2024-01-13,81,6,1,13,2,2
06:27,06:52,2024-01-14,24,7,1,14,1,2
12:29,12:56,2024-01-14,26,7,1,14,1,2
10:36,11:56,2024-01-16,79,2,0,16,2,2
10:28,12:08,2024-01-17,99,3,0,17,3,2
08:47,09:12,2024-01-18,25,4,0,18,1,2
11:43,13:17,2024-01-18,94,4,0,18,3,2
12:15,12:46,2024-01-20,30,6,1,20,2,2
12:08,13:26,2024-01-22,77,1,0,22,2,2
14:58,15:32,2024-01-22,34,1,0,22,2,2
05:43,08:14,2024-01-23,151,2,0,23,3,2
13:23,14:01,2024-01-23,38,2,0,23,2,2
14:47,17:41,2024-01-23,174,2,0,23,3,2
11:41,13:57,2024-01-24,136,3,0,24,3,2
13:26,14:24,2024-01-26,57,5,0,26,2,2
19:59,20:33,2024-01-27,34,6,1,27,2,2
19:58,20:32,2024-01-28,33,7,1,28,2,2
12:15,12:41,2024-01-30,26,2,0,30,1,2
12:06,12:39,2024-01-31,32,3,0,31,2,2
15:13,16:39,2024-01-31,85,3,0,31,2,2
11:39,12:15,2024-02-03,36,6,1,34,2,2
12:54,13:14,2024-02-03,20,6,1,34,1,2
05:54,08:49,2024-02-07,174,3,0,38,3,2
11:21,12:59,2024-02-09,97,5,0,40,3,2
01:54,03:54,2024-02-11,119,7,1,42,3,2
13:18,13:52,2024-02-14,34,3,0,45,2,2
04:47,07:02,2024-02-15,134,4,0,46,3,2
10:54,12:04,2024-02-15,70,4,0,46,2,2
14:58,15:38,2024-02-16,39,5,0,47,2,2
12:00,12:30,2024-02-17,30,6,1,48,2,2
12:03,13:28,2024-02-19,85,1,0,50,2,2
06:47,07:06,2024-02-20,18,2,0,51,1,2
12:11,13:21,2024-02-21,69,3,0,52,2,2
21:46,23:30,2024-02-23,104,5,0,54,3,2
12:39,13:26,2024-02-26,46,1,0,57,2,2
21:36,21:57,2024-02-28,20,3,0,59,1,2
19:31,19:42,2024-03-03,11,7,1,63,1,3
08:42,09:06,2024-03-06,23,3,0,66,1,3
17:54,18:15,2024-03-07,21,4,0,67,1,3
21:55,22:16,2024-03-08,20,5,0,68,1,3
01:25,01:55,2024-03-10,29,7,1,70,1,3
18:54,19:11,2024-03-11,17,1,0,71,1,3
00:28,00:41,2024-03-12,12,2,0,72,1,3
10:18,11:31,2024-03-12,73,2,0,72,2,3
11:55,12:12,2024-03-12,17,2,0,72,1,3
05:21,05:44,2024-03-14,22,4,0,74,1,3
08:29,09:09,2024-03-14,39,4,0,74,2,3
12:39,13:27,2024-03-14,47,4,0,74,2,3
01:58,02:51,2024-03-15,52,5,0,75,2,3
06:07,06:16,2024-03-15,8,5,0,75,1,3
13:42,14:16,2024-03-15,33,5,0,75,2,3
20:12,20:46,2024-03-17,33,7,1,77,2,3
15:59,16:12,2024-03-18,13,1,0,78,1,3
16:07,16:53,2024-03-19,45,2,0,79,2,3
12:20,12:46,2024-03-20,25,3,0,80,1,3
03:21,06:10,2024-03-21,169,4,0,81,3,3
13:01,13:10,2024-03-21,9,4,0,81,1,3
04:28,06:59,2024-03-22,151,5,0,82,3,3
03:41,06:00,2024-03-24,139,7,1,84,3,3
09:26,09:58,2024-03-24,31,7,1,84,2,3
10:29,11:03,2024-03-25,34,1,0,85,2,3
17:23,18:12,2024-03-25,49,1,0,85,2,3
20:17,20:37,2024-03-26,19,2,0,86,1,3
22:10,22:47,2024-03-27,37,3,0,87,2,3
12:08,13:10,2024-03-28,62,4,0,88,2,3
18:02,18:34,2024-03-28,31,4,0,88,2,3
02:04,02:38,2024-03-29,34,5,0,89,2,3
03:51,06:07,2024-03-29,135,5,0,89,3,3
11:19,11:35,2024-03-30,15,6,1,90,1,3
19:11,19:32,2024-03-30,20,6,1,90,1,3
23:19,23:33,2024-03-30,13,6,1,90,1,3
04:32,04:36,2024-03-31,4,7,1,91,1,3
04:38,06:37,2024-03-31,119,7,1,91,3,3
16:32,16:56,2024-03-31,23,7,1,91,1,3
17:50,18:16,2024-03-31,25,7,1,91,1,3
19:34,20:03,2024-04-04,29,4,0,95,1,3
16:32,18:01,2024-04-05,88,5,0,96,2,3
04:09,06:16,2024-04-06,126,6,1,97,3,3
13:22,14:05,2024-04-08,43,1,0,99,2,3
04:15,06:49,2024-04-11,153,4,0,102,3,3
19:34,19:54,2024-04-12,20,5,0,103,1,3
16:31,16:57,2024-04-13,25,6,1,104,1,3
16:33,16:50,2024-04-16,17,2,0,107,1,3
18:25,18:56,2024-04-16,30,2,0,107,2,3
08:48,09:28,2024-04-17,39,3,0,108,2,3
10:39,11:09,2024-04-18,30,4,0,109,2,3
04:40,06:14,2024-04-19,94,5,0,110,3,3
21:50,22:32,2024-04-19,42,5,0,110,2,3
22:34,22:46,2024-04-19,11,5,0,110,1,3
10:27,11:09,2024-04-20,41,6,1,111,2,3
13:17,13:45,2024-04-20,27,6,1,111,1,3
22:17,22:46,2024-04-22,29,1,0,113,1,3
03:33,04:03,2024-04-23,29,2,0,114,1,3
12:48,13:14,2024-04-23,26,2,0,114,1,3
10:28,10:54,2024-04-25,26,4,0,116,1,3
13:00,13:22,2024-04-25,22,4,0,116,1,3
13:52,14:24,2024-04-25,32,4,0,116,2,3
16:44,17:16,2024-04-25,31,4,0,116,2,3
22:56,23:59,2024-04-26,63,5,0,117,2,3
03:44,06:01,2024-04-27,137,6,1,118,3,3
15:06,15:33,2024-05-03,26,5,0,124,1,3
18:34,19:07,2024-05-03,32,5,0,124,2,3
20:35,20:53,2024-05-03,18,5,0,124,1,3
21:43,22:34,2024-05-03,51,5,0,124,2,3
15:31,15:39,2024-05-04,8,6,1,125,1,3
02:47,06:03,2024-05-08,195,3,0,129,3,3
06:25,06:54,2024-05-08,28,3,0,129,1,3
14:20,15:13,2024-05-09,53,4,0,130,2,3
13:04,13:38,2024-05-10,34,5,0,131,2,3
10:34,11:33,2024-05-11,58,6,1,132,2,3
09:46,10:14,2024-05-12,28,7,1,133,1,3
12:52,13:24,2024-05-13,31,1,0,134,2,3
14:47,15:34,2024-05-13,46,1,0,134,2,3
16:43,17:09,2024-05-13,26,1,0,134,1,3
08:16,08:45,2024-05-16,28,4,0,137,1,3
10:29,10:42,2024-05-17,12,5,0,138,1,3
11:14,11:57,2024-05-19,42,7,1,140,2,3
09:57,10:31,2024-05-20,33,1,0,141,2,3
18:13,18:48,2024-05-20,35,1,0,141,2,3
20:36,21:10,2024-05-20,33,1,0,141,2,3
09:31,09:51,2024-05-22,20,3,0,143,1,3
19:41,20:25,2024-05-22,43,3,0,143,2,3
00:25,00:45,2024-05-23,20,4,0,144,1,3
08:57,09:13,2024-05-24,15,5,0,145,1,3
13:25,13:48,2024-05-24,22,5,0,145,1,3
20:18,20:45,2024-05-24,27,5,0,145,1,3
22:28,23:01,2024-05-24,32,5,0,145,2,3
13:56,14:12,2024-05-25,16,6,1,146,1,3
19:13,19:26,2024-05-25,13,6,1,146,1,3
02:47,05:21,2024-05-26,153,7,1,147,3,3
09:15,09:47,2024-05-26,32,7,1,147,2,3
10:23,10:47,2024-05-26,24,7,1,147,1,3
20:16,20:30,2024-05-28,14,2,0,149,1,3
17:33,18:01,2024-05-29,27,3,0,150,1,3
03:29,05:47,2024-05-30,137,4,0,151,3,3
03:19,03:36,2024-05-31,17,5,0,152,1,3
04:50,05:15,2024-05-31,25,5,0,152,1,3
02:44,05:25,2024-06-01,160,6,1,153,3,4
08:39,09:00,2024-06-01,20,6,1,153,1,4
21:46,22:15,2024-06-04,28,2,0,156,1,4
07:13,07:44,2024-06-05,30,3,0,157,2,4
13:20,13:37,2024-06-05,17,3,0,157,1,4
15:35,16:09,2024-06-05,34,3,0,157,2,4
02:38,04:56,2024-06-07,137,5,0,159,3,4
18:44,19:03,2024-06-10,18,1,0,162,1,4
02:55,04:45,2024-06-12,109,3,0,164,3,4
06:14,06:46,2024-06-12,32,3,0,164,2,4
08:52,09:27,2024-06-12,35,3,0,164,2,4
03:00,04:42,2024-06-14,102,5,0,166,3,4
06:01,06:46,2024-06-14,44,5,0,166,2,4
10:14,10:41,2024-06-14,27,5,0,166,1,4
14:02,14:45,2024-06-14,43,5,0,166,2,4
14:49,15:10,2024-06-14,21,5,0,166,1,4
02:11,03:18,2024-06-15,66,6,1,167,2,4
09:21,09:38,2024-06-15,16,6,1,167,1,4
17:14,17:50,2024-06-19,35,3,0,171,2,4
01:51,04:25,2024-06-20,153,4,0,172,3,4
13:47,14:19,2024-06-20,32,4,0,172,2,4
13:57,14:24,2024-06-21,27,5,0,173,1,4
20:18,20:35,2024-06-21,17,5,0,173,1,4
23:38,00:04,2024-06-21,25,5,0,173,1,4
02:46,05:04,2024-06-22,137,6,1,174,3,4
04:52,05:39,2024-06-23,47,7,1,175,2,4
20:13,20:52,2024-06-24,39,1,0,176,2,4
21:45,22:08,2024-06-24,22,1,0,176,1,4
22:19,22:34,2024-06-24,15,1,0,176,1,4
17:22,18:07,2024-06-25,45,2,0,177,2,4
22:23,22:53,2024-06-25,30,2,0,177,2,4
02:35,03:40,2024-06-27,65,4,0,179,2,4
09:55,10:30,2024-06-29,35,6,1,181,2,4
19:26,19:42,2024-06-29,16,6,1,181,1,4
19:17,19:52,2024-06-30,35,7,1,182,2,4
21:17,21:24,2024-06-30,6,7,1,182,1,4
11:38,11:56,2024-07-01,18,1,0,183,1,4
13:50,14:02,2024-07-01,11,1,0,183,1,4
15:31,16:18,2024-07-01,47,1,0,183,2,4
16:28,17:18,2024-07-01,50,1,0,183,2,4
23:09,23:30,2024-07-01,20,1,0,183,1,4
03:29,03:56,2024-07-02,26,2,0,184,1,4
16:29,17:08,2024-07-02,39,2,0,184,2,4
04:12,04:50,2024-07-04,38,4,0,186,2,4
23:40,00:07,2024-07-04,26,4,0,186,1,4
01:29,02:18,2024-07-05,48,5,0,187,2,4
07:22,07:46,2024-07-06,24,6,1,188,1,4
02:01,03:49,2024-07-08,108,1,0,190,3,4
07:18,07:41,2024-07-08,23,1,0,190,1,4
09:52,11:34,2024-07-08,102,1,0,190,3,4
12:57,13:13,2024-07-08,15,1,0,190,1,4
13:21,14:06,2024-07-08,44,1,0,190,2,4
21:08,21:36,2024-07-08,28,1,0,190,1,4
17:57,18:12,2024-07-09,15,2,0,191,1,4
20:55,21:25,2024-07-10,29,3,0,192,1,4
15:29,15:59,2024-07-11,29,4,0,193,1,4
17:27,17:42,2024-07-11,14,4,0,193,1,4
20:19,21:26,2024-07-11,66,4,0,193,2,4
22:49,23:16,2024-07-11,26,4,0,193,1,4
21:23,21:43,2024-07-12,19,5,0,194,1,4
11:17,11:56,2024-07-13,39,6,1,195,2,4
15:03,15:11,2024-07-14,7,7,1,196,1,4
08:16,08:41,2024-07-15,25,1,0,197,1,4
22:18,22:31,2024-07-15,13,1,0,197,1,4
02:23,02:55,2024-07-16,32,2,0,198,2,4
12:01,12:51,2024-07-16,49,2,0,198,2,4
21:28,21:54,2024-07-17,26,3,0,199,1,4
22:41,23:06,2024-07-17,25,3,0,199,1,4
23:08,23:28,2024-07-17,19,3,0,199,1,4
02:46,04:28,2024-07-21,101,7,1,203,3,4
09:29,09:50,2024-07-22,20,1,0,204,1,4
23:55,00:21,2024-07-22,26,1,0,204,1,4
12:31,13:10,2024-07-24,38,3,0,206,2,4
02:40,04:21,2024-07-25,101,4,0,207,3,4
06:43,06:48,2024-07-25,4,4,0,207,1,4
00:09,00:27,2024-07-26,18,5,0,208,1,4
02:26,03:11,2024-07-26,44,5,0,208,2,4
20:05,20:23,2024-07-30,17,2,0,212,1,4
22:55,06:10,2024-07-30,434,2,0,212,3,4
06:33,07:51,2024-07-31,78,3,0,213,2,4
12:22,12:40,2024-07-31,18,3,0,213,1,4
00:12,00:33,2024-08-01,20,4,0,214,1,4
03:24,03:39,2024-08-01,14,4,0,214,1,4
03:41,04:02,2024-08-01,20,4,0,214,1,4
21:05,21:15,2024-08-01,10,4,0,214,1,4
10:46,11:12,2024-08-02,26,5,0,215,1,4
03:44,04:17,2024-08-03,33,6,1,216,2,4
18:13,18:27,2024-08-05,13,1,0,218,1,4
22:58,00:33,2024-08-05,94,1,0,218,3,4
23:15,23:23,2024-08-06,7,2,0,219,1,4
09:42,10:11,2024-08-07,28,3,0,220,1,4
06:21,07:02,2024-08-08,40,4,0,221,2,4
03:24,03:35,2024-08-09,10,5,0,222,1,4
19:59,20:17,2024-08-10,18,6,1,223,1,4
00:27,02:30,2024-08-11,123,7,1,224,3,4
02:58,05:20,2024-08-11,142,7,1,224,3,4
19:23,19:47,2024-08-11,23,7,1,224,1,4
18:27,18:51,2024-08-12,23,1,0,225,1,4
00:59,01:26,2024-08-13,27,2,0,226,1,4
03:09,03:29,2024-08-13,20,2,0,226,1,4
04:38,04:55,2024-08-13,17,2,0,226,1,4
07:20,07:46,2024-08-13,26,2,0,226,1,4
00:20,01:32,2024-08-14,71,3,0,227,2,4
19:42,19:52,2024-08-14,10,3,0,227,1,4
20:42,21:07,2024-08-14,25,3,0,227,1,4
00:02,00:24,2024-08-15,22,4,0,228,1,4
07:01,07:13,2024-08-15,11,4,0,228,1,4
13:45,14:08,2024-08-15,23,4,0,228,1,4
19:32,19:46,2024-08-15,13,4,0,228,1,4
00:06,00:51,2024-08-16,44,5,0,229,2,4
10:39,11:09,2024-08-16,30,5,0,229,2,4
12:03,12:10,2024-08-16,6,5,0,229,1,4
18:53,19:21,2024-08-16,27,5,0,229,1,4
22:52,23:01,2024-08-16,9,5,0,229,1,4
07:04,07:25,2024-08-17,21,6,1,230,1,4
12:59,13:28,2024-08-17,28,6,1,230,1,4
04:59,05:38,2024-08-18,38,7,1,231,2,4
06:51,07:42,2024-08-18,51,7,1,231,2,4
23:45,00:00,2024-08-18,15,7,1,231,1,4
02:41,02:56,2024-08-19,14,1,0,232,1,4
23:15,23:44,2024-08-19,28,1,0,232,1,4
05:47,06:13,2024-08-20,26,2,0,233,1,4
23:05,23:13,2024-08-20,8,2,0,233,1,4
04:15,04:30,2024-08-21,14,3,0,234,1,4
05:10,05:18,2024-08-21,7,3,0,234,1,4
06:48,07:14,2024-08-21,26,3,0,234,1,4
09:45,10:23,2024-08-21,38,3,0,234,2,4
00:39,01:19,2024-08-23,39,5,0,236,2,4
17:49,18:09,2024-08-24,19,6,1,237,1,4
21:11,21:28,2024-08-24,16,6,1,237,1,4
03:08,03:32,2024-08-26,24,1,0,239,1,4
05:57,13:43,2024-08-26,466,1,0,239,3,4
14:20,14:42,2024-08-26,21,1,0,239,1,4
00:06,00:47,2024-08-27,40,2,0,240,2,4
01:07,02:33,2024-08-27,86,2,0,240,2,4
03:16,05:59,2024-08-27,163,2,0,240,3,4
06:44,07:10,2024-08-27,26,2,0,240,1,4
21:24,21:42,2024-08-28,18,3,0,241,1,4
01:59,07:20,2024-08-29,321,4,0,242,3,4
07:55,08:25,2024-08-29,29,4,0,242,1,4
00:14,00:42,2024-08-31,28,6,1,244,1,4
00:45,01:26,2024-08-31,41,6,1,244,2,4
02:37,04:23,2024-08-31,106,6,1,244,3,4
07:31,08:13,2024-08-31,41,6,1,244,2,4
04:40,06:27,2024-09-02,107,1,0,246,3,1
01:10,01:26,2024-09-03,16,2,0,247,1,1
03:50,04:22,2024-09-03,31,2,0,247,2,1
02:41,07:05,2024-09-04,263,3,0,248,3,1
23:29,08:38,2024-09-04,548,3,0,248,3,1
12:15,12:46,2024-09-05,31,4,0,249,2,1
23:11,23:31,2024-09-05,20,4,0,249,1,1
23:37,23:45,2024-09-05,7,4,0,249,1,1
03:02,03:21,2024-09-07,18,6,1,251,1,1
00:33,01:38,2024-09-09,65,1,0,253,2,1
16:35,16:44,2024-09-09,8,1,0,253,1,1
04:03,06:00,2024-09-10,117,2,0,254,3,1
18:13,18:50,2024-09-11,36,3,0,255,2,1
20:12,20:47,2024-09-11,35,3,0,255,2,1
23:02,23:19,2024-09-11,17,3,0,255,1,1
02:30,03:55,2024-09-12,84,4,0,256,2,1
04:48,04:54,2024-09-12,6,4,0,256,1,1
21:57,22:01,2024-09-13,3,5,0,257,1,1
01:38,03:45,2024-09-14,127,6,1,258,3,1
21:54,22:20,2024-09-15,25,7,1,259,1,1
01:44,05:10,2024-09-16,206,1,0,260,3,1
00:32,01:23,2024-09-17,51,2,0,261,2,1
02:54,03:27,2024-09-18,33,3,0,262,2,1
21:18,21:52,2024-09-20,34,5,0,264,2,1
23:51,00:25,2024-09-21,33,6,1,265,2,1
21:58,22:25,2024-09-22,27,7,1,266,1,1
22:47,22:56,2024-09-23,8,1,0,267,1,1
14:29,14:45,2024-09-24,15,2,0,268,1,1
01:40,07:17,2024-09-26,337,4,0,270,3,1
09:59,10:34,2024-09-26,34,4,0,270,2,1
10:48,11:16,2024-09-26,28,4,0,270,1,1
11:36,12:10,2024-09-26,33,4,0,270,2,1
09:12,09:46,2024-09-27,33,5,0,271,2,1
16:55,17:35,2024-09-27,39,5,0,271,2,1
02:19,02:40,2024-09-28,20,6,1,272,1,1
03:35,06:02,2024-09-28,147,6,1,272,3,1
01:06,06:09,2024-09-30,303,1,0,274,3,1
08:47,09:06,2024-09-30,19,1,0,274,1,1
22:15,22:43,2024-09-30,28,1,0,274,1,1
13:14,13:31,2024-10-01,16,2,0,275,1,1
21:51,22:19,2024-10-02,27,3,0,276,1,1
23:14,04:49,2024-10-02,334,3,0,276,3,1
11:26,11:46,2024-10-03,19,4,0,277,1,1
13:38,13:47,2024-10-03,8,4,0,277,1,1
23:31,00:15,2024-10-03,44,4,0,277,2,1
09:22,09:52,2024-10-04,30,5,0,278,2,1
22:18,00:12,2024-10-05,113,6,1,279,3,1
01:24,04:17,2024-10-06,173,7,1,280,3,1
05:42,06:05,2024-10-06,22,7,1,280,1,1
09:12,09:41,2024-10-06,29,7,1,280,1,1
22:03,22:11,2024-10-06,8,7,1,280,1,1
23:10,00:17,2024-10-06,66,7,1,280,2,1
02:21,02:58,2024-10-07,37,1,0,281,2,1
03:30,04:03,2024-10-07,33,1,0,281,2,1
08:26,09:01,2024-10-07,34,1,0,281,2,1
08:09,08:38,2024-10-08,29,2,0,282,1,1
12:07,12:33,2024-10-10,26,4,0,284,1,1
03:16,06:24,2024-10-11,188,5,0,285,3,1
23:19,23:56,2024-10-11,37,5,0,285,2,1
04:56,05:05,2024-10-13,9,7,1,287,1,1
10:57,11:28,2024-10-15,31,2,0,289,2,1
22:36,00:52,2024-10-15,135,2,0,289,3,1
20:02,21:48,2024-10-16,106,3,0,290,3,1
22:01,22:26,2024-10-16,25,3,0,290,1,1
01:53,02:28,2024-10-17,35,4,0,291,2,1
03:30,04:11,2024-10-17,40,4,0,291,2,1
22:33,03:08,2024-10-17,275,4,0,291,3,1
02:41,06:06,2024-10-19,205,6,1,293,3,1
06:49,08:54,2024-10-19,124,6,1,293,3,1
23:37,01:25,2024-10-19,107,6,1,293,3,1
02:11,03:14,2024-10-20,63,7,1,294,2,1
00:07,05:13,2024-10-21,305,1,0,295,3,1
12:17,12:49,2024-10-21,32,1,0,295,2,1
21:51,00:42,2024-10-23,170,3,0,297,3,1
01:43,03:37,2024-10-24,114,4,0,298,3,1
05:38,06:38,2024-10-24,59,4,0,298,2,1
23:55,01:26,2024-10-24,90,4,0,298,2,1
03:10,05:31,2024-10-25,141,5,0,299,3,1
11:28,11:54,2024-10-25,26,5,0,299,1,1
20:55,21:57,2024-10-25,61,5,0,299,2,1
00:10,01:16,2024-10-26,65,6,1,300,2,1
03:29,08:59,2024-10-26,329,6,1,300,3,1
10:54,11:11,2024-10-26,17,6,1,300,1,1
23:00,02:20,2024-10-26,200,6,1,300,3,1
21:24,21:45,2024-10-27,20,7,1,301,1,1
22:23,23:32,2024-10-27,68,7,1,301,2,1
01:57,03:41,2024-10-29,104,2,0,303,3,1
04:20,06:51,2024-10-29,150,2,0,303,3,1
21:35,22:01,2024-10-29,26,2,0,303,1,1
03:26,05:36,2024-10-30,129,3,0,304,3,1
02:02,04:19,2024-10-31,137,4,0,305,3,1
05:33,05:46,2024-10-31,13,4,0,305,1,1
20:16,21:25,2024-10-31,69,4,0,305,2,1
02:20,04:42,2024-11-01,142,5,0,306,3,1
04:54,10:04,2024-11-02,310,6,1,307,3,1
10:30,10:55,2024-11-02,24,6,1,307,1,1
11:49,12:46,2024-11-02,57,6,1,307,2,1
13:02,13:15,2024-11-02,12,6,1,307,1,1
19:58,23:08,2024-11-02,189,6,1,307,3,1
00:18,02:16,2024-11-03,118,7,1,308,3,1
03:08,06:37,2024-11-03,209,7,1,308,3,1
23:21,23:55,2024-11-03,34,7,1,308,2,1
01:52,02:31,2024-11-04,39,1,0,309,2,1
22:59,02:39,2024-11-04,219,1,0,309,3,1
05:56,07:15,2024-11-05,78,2,0,310,2,1
07:57,08:12,2024-11-05,15,2,0,310,1,1
02:56,03:11,2024-11-06,15,3,0,311,1,1
14:09,14:32,2024-11-06,22,3,0,311,1,1
17:44,17:55,2024-11-06,11,3,0,311,1,1
00:13,08:13,2024-11-07,480,4,0,312,3,1
09:17,09:42,2024-11-07,25,4,0,312,1,1
21:37,07:34,2024-11-07,596,4,0,312,3,1
01:10,02:08,2024-11-09,58,6,1,314,2,1
17:01,17:29,2024-11-09,28,6,1,314,1,1
22:07,02:12,2024-11-09,244,6,1,314,3,1
03:57,04:33,2024-11-10,35,7,1,315,2,1
00:24,04:49,2024-11-11,264,1,0,316,3,1
06:52,08:56,2024-11-11,124,1,0,316,3,1
14:30,14:57,2024-11-11,26,1,0,316,1,1
21:26,22:06,2024-11-11,39,1,0,316,2,1
01:18,06:32,2024-11-12,314,2,0,317,3,1
07:09,07:27,2024-11-12,18,2,0,317,1,1
17:28,18:56,2024-11-12,87,2,0,317,2,1
06:36,08:53,2024-11-13,136,3,0,318,3,1
09:10,10:07,2024-11-13,56,3,0,318,2,1
01:19,04:05,2024-11-16,166,6,1,321,3,1
16:44,17:31,2024-11-16,46,6,1,321,2,1
18:41,19:15,2024-11-16,33,6,1,321,2,1
03:05,03:56,2024-11-17,50,7,1,322,2,1
05:38,09:26,2024-11-17,228,7,1,322,3,1
17:36,17:59,2024-11-18,22,1,0,323,1,1
00:30,01:26,2024-11-19,55,2,0,324,2,1
02:20,03:33,2024-11-19,73,2,0,324,2,1
23:29,00:28,2024-11-19,59,2,0,324,2,1
03:05,03:50,2024-11-20,45,3,0,325,2,1
05:37,08:06,2024-11-20,149,3,0,325,3,1
13:49,14:21,2024-11-20,32,3,0,325,2,1
05:04,07:38,2024-11-21,154,4,0,326,3,1
15:06,15:47,2024-11-21,40,4,0,326,2,1
10:05,10:46,2024-11-22,41,5,0,327,2,1
03:25,06:27,2024-11-24,182,7,1,329,3,1
15:22,15:54,2024-11-24,32,7,1,329,2,1
16:19,16:38,2024-11-24,18,7,1,329,1,1
22:19,02:17,2024-11-24,237,7,1,329,3,1
20:11,20:32,2024-11-25,21,1,0,330,1,1
21:46,03:11,2024-11-25,325,1,0,330,3,1
12:37,13:11,2024-11-26,34,2,0,331,2,1
15:43,16:09,2024-11-26,26,2,0,331,1,1
01:39,03:25,2024-11-27,106,3,0,332,3,1
05:35,05:41,2024-11-27,6,3,0,332,1,1
13:01,13:21,2024-11-27,20,3,0,332,1,1
23:40,23:41,2024-11-27,0,3,0,332,1,1
23:50,09:17,2024-11-27,566,3,0,332,3,1
22:41,23:25,2024-11-28,44,4,0,333,2,1
23:42,01:32,2024-11-28,110,4,0,333,3,1
03:38,03:52,2024-11-30,13,6,1,335,1,1
04:55,06:21,2024-12-01,85,7,1,336,2,2
07:29,08:03,2024-12-01,33,7,1,336,2,2
21:49,02:14,2024-12-01,265,7,1,336,3,2
06:31,07:06,2024-12-02,34,1,0,337,2,2
03:18,03:54,2024-12-03,36,2,0,338,2,2
10:28,11:04,2024-12-03,36,2,0,338,2,2
07:23,07:51,2024-12-05,28,4,0,340,1,2
21:55,23:48,2024-12-05,112,4,0,340,3,2
00:12,02:18,2024-12-06,125,5,0,341,3,2
13:37,14:07,2024-12-06,30,5,0,341,2,2
00:33,01:14,2024-12-07,41,6,1,342,2,2
23:57,01:01,2024-12-07,63,6,1,342,2,2
15:08,15:47,2024-12-08,38,7,1,343,2,2
19:14,19:41,2024-12-08,26,7,1,343,1,2
19:58,23:28,2024-12-12,209,4,0,347,3,2
07:00,10:04,2024-12-13,183,5,0,348,3,2
22:25,00:19,2024-12-13,113,5,0,348,3,2
01:10,02:38,2024-12-14,88,6,1,349,2,2
09:17,09:53,2024-12-14,36,6,1,349,2,2
16:31,17:03,2024-12-15,31,7,1,350,2,2
06:55,07:27,2024-12-16,32,1,0,351,2,2
06:12,06:22,2024-12-17,9,2,0,352,1,2
09:47,10:03,2024-12-17,15,2,0,352,1,2
22:09,22:23,2024-12-17,14,2,0,352,1,2
00:53,02:00,2024-12-19,67,4,0,354,2,2
04:24,04:41,2024-12-19,17,4,0,354,1,2
05:36,06:18,2024-12-19,42,4,0,354,2,2
00:34,00:49,2024-12-20,14,5,0,355,1,2
01:47,02:00,2024-12-20,12,5,0,355,1,2
06:35,07:47,2024-12-20,72,5,0,355,2,2
12:12,12:36,2024-12-20,24,5,0,355,1,2
01:58,02:10,2024-12-21,11,6,1,356,1,2
10:31,11:02,2024-12-21,31,6,1,356,2,2
17:44,17:55,2024-12-21,11,6,1,356,1,2
19:47,20:27,2024-12-21,39,6,1,356,2,2
00:13,00:45,2024-12-22,31,7,1,357,2,2
15:43,16:20,2024-12-22,37,7,1,357,2,2
21:03,22:36,2024-12-22,93,7,1,357,3,2
12:19,12:49,2024-12-23,30,1,0,358,2,2
17:40,18:23,2024-12-23,43,1,0,358,2,2
03:59,04:36,2024-12-24,37,2,0,359,2,2
05:23,06:13,2024-12-24,50,2,0,359,2,2
15:36,16:08,2024-12-24,31,2,0,359,2,2
23:44,02:37,2024-12-24,172,2,0,359,3,2
05:30,08:23,2024-12-25,173,3,0,360,3,2
09:56,10:18,2024-12-25,22,3,0,360,1,2
12:35,12:58,2024-12-30,22,1,0,365,1,2
02:56,03:39,2024-12-31,42,2,0,366,2,2
07:16,09:18,2024-12-31,121,2,0,366,3,2
06:47,09:34,2025-01-01,166,3,0,1,3,2
03:36,04:31,2025-01-02,54,4,0,2,2,2
14:15,14:49,2025-01-02,34,4,0,2,2,2
04:05,07:18,2025-01-03,192,5,0,3,3,2
08:38,09:05,2025-01-03,27,5,0,3,1,2
13:38,14:08,2025-01-03,30,5,0,3,2,2
16:19,17:21,2025-01-03,62,5,0,3,2,2
19:12,19:43,2025-01-03,31,5,0,3,2,2
23:01,23:30,2025-01-03,29,5,0,3,1,2
12:01,13:02,2025-01-05,60,7,1,5,2,2
16:21,16:42,2025-01-05,20,7,1,5,1,2
21:43,22:09,2025-01-05,26,7,1,5,1,2
01:43,02:22,2025-01-06,38,1,0,6,2,2
09:16,09:38,2025-01-06,22,1,0,6,1,2
01:21,02:00,2025-01-08,38,3,0,8,2,2
03:13,03:32,2025-01-08,19,3,0,8,1,2
05:21,05:59,2025-01-08,37,3,0,8,2,2
10:34,11:01,2025-01-08,27,3,0,8,1,2
02:01,02:19,2025-01-10,18,5,0,10,1,2
04:52,05:12,2025-01-10,19,5,0,10,1,2
01:05,01:47,2025-01-11,42,6,1,11,2,2
22:07,22:15,2025-01-11,7,6,1,11,1,2
00:06,02:30,2025-01-12,143,7,1,12,3,2
10:59,11:23,2025-01-12,23,7,1,12,1,2
13:55,14:22,2025-01-12,27,7,1,12,1,2
22:15,22:19,2025-01-12,4,7,1,12,1,2
23:12,23:18,2025-01-12,6,7,1,12,1,2
18:39,20:08,2025-01-13,88,1,0,13,2,2
23:06,01:13,2025-01-13,126,1,0,13,3,2
00:48,01:08,2025-01-15,19,3,0,15,1,2
05:44,08:15,2025-01-15,150,3,0,15,3,2
12:08,12:29,2025-01-16,20,4,0,16,1,2
22:34,23:27,2025-01-16,52,4,0,16,2,2
00:02,02:07,2025-01-18,124,6,1,18,3,2
04:54,05:46,2025-01-18,52,6,1,18,2,2
05:50,07:05,2025-01-18,74,6,1,18,2,2
21:38,22:09,2025-01-18,30,6,1,18,2,2
00:12,00:53,2025-01-19,41,7,1,19,2,2
15:53,16:29,2025-01-19,35,7,1,19,2,2
01:38,02:30,2025-01-20,52,1,0,20,2,2
11:47,12:14,2025-01-20,26,1,0,20,1,2
23:27,01:55,2025-01-20,148,1,0,20,3,2
18:15,18:47,2025-01-21,32,2,0,21,2,2
19:54,20:42,2025-01-21,48,2,0,21,2,2
08:21,08:40,2025-01-22,19,3,0,22,1,2
17:05,17:30,2025-01-22,24,3,0,22,1,2
03:56,04:48,2025-01-23,52,4,0,23,2,2
06:36,07:45,2025-01-23,68,4,0,23,2,2
02:03,03:41,2025-01-24,98,5,0,24,3,2
02:06,03:11,2025-01-25,64,6,1,25,2,2
18:32,18:40,2025-01-25,8,6,1,25,1,2
00:09,00:29,2025-01-27,20,1,0,27,1,2
02:29,03:13,2025-01-27,44,1,0,27,2,2
00:44,04:08,2025-01-28,204,2,0,28,3,2
11:18,11:32,2025-01-28,13,2,0,28,1,2
05:27,05:55,2025-01-29,27,3,0,29,1,2
09:03,09:17,2025-01-29,13,3,0,29,1,2
02:03,04:12,2025-01-30,128,4,0,30,3,2
03:57,04:48,2025-01-31,51,5,0,31,2,2
08:05,08:16,2025-01-31,11,5,0,31,1,2
00:43,01:51,2025-02-01,68,6,1,32,2,2
05:29,09:12,2025-02-01,223,6,1,32,3,2
09:21,09:40,2025-02-02,18,7,1,33,1,2
01:06,03:58,2025-02-04,171,2,0,35,3,2
05:00,06:04,2025-02-04,64,2,0,35,2,2
21:51,22:30,2025-02-04,39,2,0,35,2,2
23:24,05:22,2025-02-04,358,2,0,35,3,2
01:23,03:40,2025-02-06,136,4,0,37,3,2
10:31,11:02,2025-02-06,30,4,0,37,2,2
21:53,02:39,2025-02-06,286,4,0,37,3,2
20:54,03:57,2025-02-07,422,5,0,38,3,2
21:21,21:56,2025-02-08,35,6,1,39,2,2
00:02,04:02,2025-02-09,239,7,1,40,3,2
06:51,07:03,2025-02-09,12,7,1,40,1,2
22:45,02:11,2025-02-09,205,7,1,40,3,2
00:01,00:47,2025-02-11,46,2,0,42,2,2
02:01,08:03,2025-02-11,362,2,0,42,3,2
22:11,01:19,2025-02-11,187,2,0,42,3,2
04:26,05:07,2025-02-12,40,3,0,43,2,2
21:04,21:24,2025-02-12,20,3,0,43,1,2
00:16,01:48,2025-02-14,92,5,0,45,3,2
04:51,05:26,2025-02-14,35,5,0,45,2,2
23:05,04:18,2025-02-15,313,6,1,46,3,2
23:11,04:52,2025-02-16,341,7,1,47,3,2
15:30,15:55,2025-02-17,24,1,0,48,1,2
22:09,23:06,2025-02-17,57,1,0,48,2,2
01:10,04:28,2025-02-18,198,2,0,49,3,2
14:54,15:22,2025-02-18,27,2,0,49,1,2
21:27,05:15,2025-02-18,468,2,0,49,3,2
13:05,13:18,2025-02-19,12,3,0,50,1,2
21:41,05:00,2025-02-19,438,3,0,50,3,2
21:44,02:31,2025-02-20,287,4,0,51,3,2
21:38,01:14,2025-02-21,215,5,0,52,3,2
22:24,04:17,2025-02-22,352,6,1,53,3,2
04:57,05:21,2025-02-23,24,7,1,54,1,2
06:03,06:35,2025-02-23,31,7,1,54,2,2
22:33,02:11,2025-02-23,217,7,1,54,3,2
11:07,11:32,2025-02-24,24,1,0,55,1,2
22:16,01:33,2025-02-24,196,1,0,55,3,2
04:05,08:28,2025-02-25,263,2,0,56,3,2
22:18,02:24,2025-02-25,246,2,0,56,3,2
23:15,05:01,2025-02-26,346,3,0,57,3,2
00:37,02:34,2025-02-28,117,5,0,59,3,2
23:59,03:33,2025-02-28,213,5,0,59,3,2
22:52,00:55,2025-03-01,123,6,1,60,3,3
01:04,01:38,2025-03-02,33,7,1,61,2,3
03:14,04:54,2025-03-03,100,1,0,62,3,3
11:43,12:08,2025-03-03,24,1,0,62,1,3
22:42,02:43,2025-03-04,240,2,0,63,3,3
03:46,04:20,2025-03-06,33,4,0,65,2,3
17:18,17:37,2025-03-06,19,4,0,65,1,3
01:48,02:46,2025-03-07,58,5,0,66,2,3
03:33,08:09,2025-03-07,275,5,0,66,3,3
22:59,23:42,2025-03-07,42,5,0,66,2,3
14:53,15:27,2025-03-08,33,6,1,67,2,3
22:30,01:16,2025-03-08,165,6,1,67,3,3
23:51,03:20,2025-03-09,208,7,1,68,3,3
23:04,01:49,2025-03-10,165,1,0,69,3,3
00:45,01:49,2025-03-12,64,3,0,71,2,3
19:18,19:41,2025-03-12,22,3,0,71,1,3
23:39,02:41,2025-03-12,181,3,0,71,3,3
12:34,12:51,2025-03-13,16,4,0,72,1,3
17:53,18:13,2025-03-14,20,5,0,73,1,3
21:48,23:15,2025-03-15,87,6,1,74,2,3
00:29,02:58,2025-03-17,148,1,0,76,3,3
09:00,09:21,2025-03-18,21,2,0,77,1,3
20:26,02:18,2025-03-18,352,2,0,77,3,3
23:16,01:49,2025-03-20,152,4,0,79,3,3
21:23,00:52,2025-03-21,208,5,0,80,3,3
20:39,01:52,2025-03-22,313,6,1,81,3,3
00:00,01:36,2025-03-24,95,1,0,83,3,3
20:59,23:26,2025-03-24,147,1,0,83,3,3
21:03,21:29,2025-03-26,25,3,0,85,1,3
09:10,09:25,2025-03-27,15,4,0,86,1,3
00:13,00:40,2025-03-28,27,5,0,87,1,3
23:04,01:05,2025-03-28,121,5,0,87,3,3
01:15,02:17,2025-03-29,62,6,1,88,2,3
22:29,03:10,2025-03-30,280,7,1,89,3,3
04:14,04:51,2025-03-31,37,1,0,90,2,3
13:58,14:22,2025-04-03,24,4,0,93,1,3
18:16,18:49,2025-04-03,33,4,0,93,2,3
23:33,00:49,2025-04-03,76,4,0,93,2,3
19:58,20:27,2025-04-04,29,5,0,94,1,3
01:27,02:36,2025-04-05,68,6,1,95,2,3
01:56,04:22,2025-04-06,146,7,1,96,3,3
04:57,07:04,2025-04-06,127,7,1,96,3,3
20:14,20:45,2025-04-06,30,7,1,96,2,3
08:04,08:30,2025-04-07,25,1,0,97,1,3
08:51,09:27,2025-04-09,36,3,0,99,2,3
11:41,12:12,2025-04-09,31,3,0,99,2,3
17:25,17:48,2025-04-09,22,3,0,99,1,3
23:34,01:37,2025-04-09,122,3,0,99,3,3
07:01,07:26,2025-04-10,24,4,0,100,1,3
17:08,17:58,2025-04-10,50,4,0,100,2,3
20:59,21:22,2025-04-10,22,4,0,100,1,3
18:43,19:14,2025-04-11,30,5,0,101,2,3
04:11,05:17,2025-04-12,65,6,1,102,2,3
11:47,12:32,2025-04-12,44,6,1,102,2,3
22:59,01:11,2025-04-12,131,6,1,102,3,3
10:12,10:54,2025-04-13,42,7,1,103,2,3
23:35,00:01,2025-04-13,26,7,1,103,1,3
04:57,05:34,2025-04-14,37,1,0,104,2,3
07:39,08:22,2025-04-14,43,1,0,104,2,3
20:56,21:35,2025-04-14,39,1,0,104,2,3
23:50,00:31,2025-04-15,40,2,0,105,2,3
01:43,03:06,2025-04-16,83,3,0,106,2,3
13:36,14:06,2025-04-16,30,3,0,106,2,3
13:40,14:02,2025-04-17,21,4,0,107,1,3
01:14,02:42,2025-04-18,88,5,0,108,2,3
07:17,07:48,2025-04-18,31,5,0,108,2,3
12:04,12:36,2025-04-18,32,5,0,108,2,3
14:12,14:29,2025-04-18,17,5,0,108,1,3
17:10,18:00,2025-04-19,50,6,1,109,2,3
21:51,22:06,2025-04-19,14,6,1,109,1,3
04:40,05:47,2025-04-21,67,1,0,111,2,3
00:57,01:38,2025-04-22,41,2,0,112,2,3
01:08,02:19,2025-04-23,71,3,0,113,2,3
15:07,15:22,2025-04-23,14,3,0,113,1,3
15:31,15:53,2025-04-23,22,3,0,113,1,3
00:36,06:33,2025-04-24,357,4,0,114,3,3
06:38,07:21,2025-04-26,43,6,1,116,2,3
11:12,11:33,2025-04-28,20,1,0,118,1,3
14:04,14:27,2025-04-28,22,1,0,118,1,3
00:46,02:55,2025-04-29,129,2,0,119,3,3
03:19,04:47,2025-04-30,87,3,0,120,2,3
00:30,01:35,2025-05-01,64,4,0,121,2,3
04:35,04:49,2025-05-02,14,5,0,122,1,3
06:41,06:58,2025-05-02,16,5,0,122,1,3
05:47,06:06,2025-05-03,18,6,1,123,1,3
00:20,01:21,2025-05-04,60,7,1,124,2,3
01:59,02:31,2025-05-05,31,1,0,125,2,3
20:19,20:42,2025-05-06,22,2,0,126,1,3
23:18,23:40,2025-05-06,22,2,0,126,1,3
00:58,01:37,2025-05-07,39,3,0,127,2,3
04:00,05:12,2025-05-07,72,3,0,127,2,3
06:20,07:34,2025-05-07,73,3,0,127,2,3
09:36,12:44,2025-05-07,187,3,0,127,3,3
17:00,17:26,2025-05-07,25,3,0,127,1,3
21:12,21:38,2025-05-07,26,3,0,127,1,3
05:47,07:21,2025-05-11,93,7,1,131,3,3
13:47,14:18,2025-05-11,30,7,1,131,2,3
21:28,21:53,2025-05-11,24,7,1,131,1,3
19:34,20:08,2025-05-13,33,2,0,133,2,3
14:40,15:10,2025-05-14,29,3,0,134,1,3
02:13,03:38,2025-05-15,84,4,0,135,2,3
03:54,05:42,2025-05-16,107,5,0,136,3,3
06:28,06:38,2025-05-16,10,5,0,136,1,3
23:59,08:54,2025-05-17,534,6,1,137,3,3
03:31,04:57,2025-05-21,85,3,0,141,2,3
07:39,08:36,2025-05-22,57,4,0,142,2,3
07:49,08:21,2025-05-23,32,5,0,143,2,3
